dataset,sample_idx,type,verification,pred,instruction,question,solution,student,suffix,markup,student_suffix
scientsbank,0,clean,correct,incorrect,0.6409847833695634,0.014246989888119314,0.0031504686893602633,0.011904257370815784,0.0,0.02221708995930962,0.011904257370815784
scientsbank,1,clean,incorrect,incorrect,0.648115386857742,0.010534374345902518,0.004273197940530771,0.014680456355748746,0.0,0.03394855532266897,0.014680456355748746
scientsbank,2,clean,correct,correct,0.6328059512018341,0.006773367796817814,0.0036940328730395247,0.011593014845915755,0.0,0.03262992785738817,0.011593014845915755
scientsbank,3,clean,correct,incorrect,0.6125845669287582,0.010826952513099357,0.0042352125851633365,0.011928160269147009,0.0,0.033956132401386174,0.011928160269147009
scientsbank,4,clean,incorrect,incorrect,0.6541636035245126,0.008108040011537495,0.002038107767157293,0.007241085950340885,0.0,0.03203655124414669,0.007241085950340885
scientsbank,5,clean,incorrect,incorrect,0.6272875137357325,0.013263520688636331,0.0033908930759872376,0.016137486081054808,0.0,0.03683556605458163,0.016137486081054808
scientsbank,6,clean,correct,correct,0.579866445787583,0.009924771484298022,0.0049723433080119,0.021400538197490968,0.0,0.04460226291944979,0.021400538197490968
scientsbank,7,clean,incorrect,correct,0.675705141384227,0.0039646773657261445,0.0025340911539486716,0.00996184190742606,0.0,0.021257008735540123,0.00996184190742606
scientsbank,8,clean,incorrect,incorrect,0.6341054101015222,0.012144700038738371,0.005228070522674705,0.022992636370931175,0.0,0.028829265367144735,0.022992636370931175
scientsbank,9,clean,correct,incorrect,0.6188482338635812,0.011095642620154675,0.0043697263283571566,0.013974742453197363,0.0,0.03396913950728127,0.013974742453197363
scientsbank,10,clean,incorrect,incorrect,0.5929874860589638,0.008530651699674943,0.00567360276395783,0.020748740244847713,0.0,0.03549086501837287,0.020748740244847713
scientsbank,11,clean,incorrect,incorrect,0.6369239898041293,0.006047260242060591,0.0034843091543088514,0.014758866182142446,0.0,0.027571717496764625,0.014758866182142446
scientsbank,12,clean,correct,correct,0.63555679118176,0.010058145600606987,0.0032036773888289446,0.010414215680871117,0.0,0.03317600747842502,0.010414215680871117
scientsbank,13,clean,correct,correct,0.6283588854849556,0.010328784668244068,0.0033631997632765174,0.011453477534844913,0.0,0.030321970045824043,0.011453477534844913
scientsbank,14,clean,correct,incorrect,0.6260450783365137,0.005896164078513096,0.00430924872836101,0.016393119242790837,0.0,0.024318875824112234,0.016393119242790837
scientsbank,15,clean,incorrect,incorrect,0.6109732490763337,0.011118824558355202,0.005314707704918165,0.014806643497748037,0.0,0.031884197835603596,0.014806643497748037
scientsbank,16,clean,incorrect,correct,0.6721504015592441,0.006901938771773591,0.0024746637196237787,0.006214692552509416,0.0,0.02168190622671382,0.006214692552509416
scientsbank,17,clean,incorrect,incorrect,0.6489675927997256,0.011224315094030095,0.003646071018448093,0.013585909653557634,0.0,0.03291008605133253,0.013585909653557634
scientsbank,18,clean,correct,incorrect,0.598502629571433,0.010224946138037903,0.004387303803120173,0.020799210892101863,0.0,0.03222488028386421,0.020799210892101863
scientsbank,19,clean,incorrect,incorrect,0.6398562620283303,0.009316222168830757,0.004056653648182157,0.015372933070333085,0.0,0.028414787092340143,0.015372933070333085
scientsbank,20,clean,correct,correct,0.6591022169205575,0.011314302114933743,0.005162414904975251,0.011848157529737446,0.0,0.02466349210751261,0.011848157529737446
scientsbank,21,clean,incorrect,incorrect,0.6601406497021335,0.009846333015701019,0.0033956413944019746,0.014490649461796989,0.0,0.020437380800182047,0.014490649461796989
scientsbank,22,clean,correct,correct,0.644856965160605,0.010467247032791472,0.0042729220841452135,0.010359494514675896,0.0,0.02690589612424887,0.010359494514675896
scientsbank,23,clean,correct,incorrect,0.6483030264611864,0.005955009465410405,0.004840766530094529,0.01633842034040955,0.0,0.02422764126020162,0.01633842034040955
scientsbank,24,clean,correct,incorrect,0.6309010571695561,0.00973867819472102,0.0043930007672764075,0.010123032921233255,0.0,0.028278763162373002,0.010123032921233255
scientsbank,25,clean,correct,incorrect,0.6302046003049387,0.010217994988715572,0.003280486551418936,0.014897245881450904,0.0,0.027511418201367304,0.014897245881450904
scientsbank,26,clean,incorrect,incorrect,0.6573900492467858,0.008462202757743623,0.0025893230524223344,0.01036015650510131,0.0,0.024747512359434704,0.01036015650510131
scientsbank,27,clean,incorrect,incorrect,0.6298628142710592,0.008871962930751084,0.003146560234306531,0.011637975591955597,0.0,0.028480428657953864,0.011637975591955597
scientsbank,28,clean,incorrect,correct,0.6262357587468441,0.008511486241522611,0.0035280328177479466,0.011030455990746885,0.0,0.02963281084796333,0.011030455990746885
scientsbank,29,clean,correct,correct,0.6057292182257743,0.006831743275300887,0.005367116749101604,0.02183295385830096,0.0,0.03384575383540126,0.02183295385830096
scientsbank,30,clean,correct,correct,0.6326317883055271,0.006541173526296761,0.006305434109076747,0.012744215767288049,0.0,0.03236916506991906,0.012744215767288049
scientsbank,31,clean,incorrect,incorrect,0.6462238722879615,0.013861314659062195,0.004244932308268909,0.017572532981558635,0.0,0.02871381243455898,0.017572532981558635
scientsbank,32,clean,incorrect,incorrect,0.6411281592338531,0.00903227670957816,0.004396120398669795,0.01777173349039564,0.0,0.023295664414031136,0.01777173349039564
scientsbank,33,clean,correct,correct,0.6603520290655068,0.016709156967060997,0.0019743416481874504,0.007409134601657895,0.0,0.023922415844222587,0.007409134601657895
scientsbank,34,clean,incorrect,incorrect,0.6281212723977653,0.012525398453401943,0.0035064542407483423,0.022239536575499572,0.0,0.025759566031334693,0.022239536575499572
scientsbank,35,clean,correct,correct,0.6758383153279607,0.014848506971659596,0.00598304623726981,0.008237557276942668,0.0,0.018728819675483878,0.008237557276942668
scientsbank,36,clean,incorrect,incorrect,0.6227766709992139,0.006899834061635254,0.0072457548909113535,0.022985152622973872,0.0,0.027269615566294376,0.022985152622973872
scientsbank,37,clean,incorrect,incorrect,0.6385091735097077,0.007969082111982391,0.0032663678539653156,0.015247112185948196,0.0,0.030815377186244348,0.015247112185948196
scientsbank,38,clean,incorrect,incorrect,0.644427366199522,0.011059315375856674,0.002911086139142518,0.012331128303541973,0.0,0.026232184200786542,0.012331128303541973
scientsbank,39,clean,incorrect,incorrect,0.6172082386747054,0.006136547310491183,0.004580981156339592,0.01563540967589606,0.0,0.023166116736823335,0.01563540967589606
scientsbank,40,clean,incorrect,incorrect,0.6461923893214038,0.0065201420842270754,0.0039361862944008,0.01478070342302101,0.0,0.02703889442891392,0.01478070342302101
scientsbank,41,clean,incorrect,incorrect,0.6433453656122173,0.006752298111186512,0.0038613361824128235,0.006798852932157428,0.0,0.025920388214120682,0.006798852932157428
scientsbank,42,clean,incorrect,incorrect,0.6518564346855229,0.0067510829921845926,0.007224354298474135,0.013363066617045031,0.0,0.030121682173427613,0.013363066617045031
scientsbank,43,clean,incorrect,incorrect,0.6878199936231425,0.00936948776768933,0.003341563900765801,0.00788246799758392,0.0,0.021347874141497237,0.00788246799758392
scientsbank,44,clean,incorrect,incorrect,0.5957803256623536,0.011868221325336348,0.002486983610120279,0.014702658184168334,0.0,0.039044403476629595,0.014702658184168334
scientsbank,45,clean,incorrect,incorrect,0.6537892094436166,0.007812952248558089,0.0021211855698133743,0.008509479137210505,0.0,0.03216552668501931,0.008509479137210505
scientsbank,46,clean,correct,correct,0.6395370687137254,0.01117089997812985,0.003295769722087089,0.009863008999161883,0.0,0.027078962678278654,0.009863008999161883
scientsbank,47,clean,incorrect,incorrect,0.6523762916471154,0.008643979969833338,0.0040145810903178675,0.012029894947934782,0.0,0.03074518721529982,0.012029894947934782
scientsbank,48,clean,correct,correct,0.6435388639370989,0.008694150753287055,0.004049955279007607,0.009261407166334376,0.0,0.02640876498915149,0.009261407166334376
scientsbank,49,clean,incorrect,incorrect,0.6539368571067032,0.009981552501566258,0.0022215087808640267,0.011658219052764941,0.0,0.02271838537189678,0.011658219052764941
scientsbank,50,clean,incorrect,incorrect,0.64799971013882,0.006987051215832151,0.005085822129217798,0.011707144463266452,0.0,0.02574845935141651,0.011707144463266452
scientsbank,51,clean,correct,incorrect,0.6383909467232624,0.00955188277531986,0.004527759957966657,0.012914025239693446,0.0,0.024352325516672272,0.012914025239693446
scientsbank,52,clean,incorrect,incorrect,0.621935147229198,0.00757393336120917,0.006274144677970158,0.01857194401131701,0.0,0.027190894152443638,0.01857194401131701
scientsbank,53,clean,incorrect,incorrect,0.6232790394050034,0.01145714765427674,0.005053037837442501,0.016623291835454967,0.0,0.032635713966345674,0.016623291835454967
scientsbank,54,clean,incorrect,incorrect,0.5481449758260452,0.013498102596205907,0.00494998728313577,0.01692563999778423,0.0,0.05489396756038128,0.01692563999778423
scientsbank,55,clean,incorrect,correct,0.6272020759053564,0.005768205271999419,0.0034153345038078573,0.011532595593422118,0.0,0.026353678583976182,0.011532595593422118
scientsbank,56,clean,incorrect,incorrect,0.670742229210823,0.003412564535335454,0.002644165416890788,0.016579399871587838,0.0,0.01969542694660216,0.016579399871587838
scientsbank,57,clean,correct,correct,0.6517306072518697,0.0074463483853562515,0.0029168214151762324,0.009046793876118793,0.0,0.025154430200314683,0.009046793876118793
scientsbank,58,clean,incorrect,incorrect,0.639856993509888,0.006316340547542957,0.003203833727086231,0.015066316627881543,0.0,0.030445481562546145,0.015066316627881543
scientsbank,59,clean,incorrect,incorrect,0.6474804307445498,0.010777064127124456,0.0031635374811796744,0.011029772214292055,0.0,0.02323260031325329,0.011029772214292055
scientsbank,60,clean,correct,correct,0.640684132872403,0.010309817519222381,0.003591024478954364,0.01608961954781079,0.0,0.021745098898403682,0.01608961954781079
scientsbank,61,clean,correct,correct,0.6302855154088974,0.010593704702608491,0.004246748469385897,0.012157381778006338,0.0,0.026978191215692202,0.012157381778006338
scientsbank,62,clean,incorrect,incorrect,0.6396938246898819,0.009628313155682374,0.0035242378865335895,0.01148234803301687,0.0,0.02648702895911515,0.01148234803301687
scientsbank,63,clean,incorrect,incorrect,0.6431935268102698,0.014056059583202982,0.003538892138242538,0.00976381056832985,0.0,0.020251149185422437,0.00976381056832985
scientsbank,64,clean,incorrect,correct,0.6504607223275227,0.012927665597747596,0.003711788616686885,0.009265852650330137,0.0,0.026594565812011202,0.009265852650330137
scientsbank,65,clean,incorrect,incorrect,0.6391942083073787,0.010004227247426438,0.0034406968335108945,0.01344850093674873,0.0,0.028004396432706316,0.01344850093674873
scientsbank,66,clean,incorrect,incorrect,0.6402541519928655,0.0099365977476545,0.003745871584048931,0.014496706406270364,0.0,0.025468783182944175,0.014496706406270364
scientsbank,67,clean,correct,correct,0.6264944896923051,0.011028363878073126,0.0028175887824776398,0.010108797121090873,0.0,0.03366038709302108,0.010108797121090873
scientsbank,68,clean,correct,incorrect,0.6130710919527393,0.00893729107572272,0.004162508654769616,0.018418719615244307,0.0,0.035297463501068355,0.018418719615244307
scientsbank,69,clean,incorrect,incorrect,0.640740767938576,0.010374634194918965,0.0025485831118517415,0.012983636302956847,0.0,0.029941075359025855,0.012983636302956847
scientsbank,70,clean,incorrect,incorrect,0.6178290315738095,0.014879665479749124,0.004434187490242137,0.017426047086853785,0.0,0.030803426047205987,0.017426047086853785
scientsbank,71,clean,incorrect,incorrect,0.613750450100514,0.018349211771711164,0.007752270394541167,0.02172822636157862,0.0,0.032581857545614254,0.02172822636157862
scientsbank,72,clean,incorrect,incorrect,0.6399003060094064,0.011447442622043554,0.0034484502489010092,0.010919774390819908,0.0,0.027144856856872138,0.010919774390819908
scientsbank,73,clean,incorrect,incorrect,0.6181780026803898,0.006619894978323182,0.003217421579522204,0.021420225019196742,0.0,0.035239971192964216,0.021420225019196742
scientsbank,74,clean,correct,incorrect,0.609840710144081,0.016989044605109225,0.008160569109935243,0.014179303540989674,0.0,0.031233796409127653,0.014179303540989674
scientsbank,75,clean,incorrect,incorrect,0.6506998929194765,0.007736645448815008,0.0037660910401811124,0.011542625954570437,0.0,0.02600315437294835,0.011542625954570437
scientsbank,76,clean,correct,incorrect,0.6299627484392665,0.010352783683989094,0.004765913050313576,0.012447398658395952,0.0,0.027547396663467835,0.012447398658395952
scientsbank,77,clean,correct,incorrect,0.6125699245838849,0.01335927968367636,0.002224381504787414,0.012799012996256427,0.0,0.03229500657100698,0.012799012996256427
scientsbank,78,clean,incorrect,incorrect,0.6179735119226667,0.012507018669661299,0.005318313380258153,0.012568670759458254,0.0,0.03254370912341113,0.012568670759458254
scientsbank,79,clean,incorrect,correct,0.6520356571777532,0.01175719038554616,0.003210728675891195,0.010531180529891701,0.0,0.02318498365980138,0.010531180529891701
scientsbank,80,clean,incorrect,incorrect,0.6668370856938457,0.005024875610018587,0.005060788884590962,0.010270480648472038,0.0,0.022266707487691054,0.010270480648472038
scientsbank,81,clean,correct,correct,0.6154351328692936,0.008684749887475564,0.006391233193419967,0.013785143465605016,0.0,0.02521451951158533,0.013785143465605016
scientsbank,82,clean,correct,correct,0.6279375839030649,0.008662119450313506,0.0033502441889291276,0.012545676320277034,0.0,0.03358720997253639,0.012545676320277034
scientsbank,83,clean,incorrect,incorrect,0.5890692490832654,0.01890639677670422,0.004573643692722531,0.012967956060879627,0.0,0.028840993695741703,0.012967956060879627
scientsbank,84,clean,incorrect,incorrect,0.6079487858224167,0.008577121572590008,0.004185751242915462,0.014202622956926238,0.0,0.029308767897168915,0.014202622956926238
scientsbank,85,clean,correct,correct,0.6207686619013483,0.007103408959717339,0.0023518728500654955,0.014968600627003014,0.0,0.025209470853965694,0.014968600627003014
scientsbank,86,clean,correct,incorrect,0.5782431164760599,0.017919900752695173,0.006152144908841855,0.012976291686979644,0.0,0.031420202417006084,0.012976291686979644
scientsbank,87,clean,correct,correct,0.6173446966970328,0.011595969613306887,0.004032976064690378,0.010463447693963247,0.0,0.0316013112362886,0.010463447693963247
scientsbank,88,clean,incorrect,incorrect,0.6640172592828322,0.006060875600504453,0.006425253076014793,0.01383298992107579,0.0,0.023075968292005623,0.01383298992107579
scientsbank,89,clean,correct,correct,0.6214708124566283,0.006556446324101006,0.006941614902687135,0.01719339145104516,0.0,0.030889757292550907,0.01719339145104516
scientsbank,90,clean,correct,correct,0.6451882979234793,0.012803514934351404,0.002048708810869692,0.008147218536660181,0.0,0.02712247620386697,0.008147218536660181
scientsbank,91,clean,incorrect,correct,0.6268966089837458,0.009112657099528203,0.0032505383912670013,0.01125252340195859,0.0,0.03041840675732708,0.01125252340195859
scientsbank,92,clean,correct,incorrect,0.6570146596500505,0.010040611932126008,0.001790721507738965,0.00855481462823922,0.0,0.019572400608381335,0.00855481462823922
scientsbank,93,clean,incorrect,incorrect,0.6677443722328856,0.009413495447432783,0.0035208766479139426,0.011154106735779863,0.0,0.02063821739112055,0.011154106735779863
scientsbank,94,clean,correct,correct,0.6428615096832739,0.010557417022641851,0.004231452389790462,0.011108830586424938,0.0,0.024885308156818185,0.011108830586424938
scientsbank,95,clean,incorrect,incorrect,0.63754300924216,0.011492867471865561,0.003559241602429254,0.013160605946569509,0.0,0.02856553796523382,0.013160605946569509
scientsbank,96,clean,incorrect,incorrect,0.6783032195477615,0.012802491118933869,0.005720952652241842,0.008163470122980935,0.0,0.01990899282024993,0.008163470122980935
scientsbank,97,clean,incorrect,incorrect,0.6135051661742573,0.008947387003303936,0.004179546677847237,0.01206092295983646,0.0,0.025223461491637227,0.01206092295983646
scientsbank,98,clean,incorrect,incorrect,0.6380812970734806,0.008837005886178955,0.005460023788505143,0.011116221798765246,0.0,0.02355614344335279,0.011116221798765246
scientsbank,99,clean,correct,correct,0.580044269000236,0.01463279553089584,0.0028532239016804723,0.02055199417971916,0.0,0.040687793772241035,0.02055199417971916
scientsbank,100,clean,incorrect,correct,0.6063405836424497,0.00814106342372625,0.005866670228729772,0.02255358420275899,0.0,0.03015031985815992,0.02255358420275899
scientsbank,101,clean,incorrect,incorrect,0.6302233029644174,0.008429121487771184,0.0041744951967993636,0.009678705263654587,0.0,0.025675282289494016,0.009678705263654587
scientsbank,102,clean,incorrect,incorrect,0.6750737361901773,0.00925363271525284,0.002932289957603925,0.007532446425835226,0.0,0.019247069914323754,0.007532446425835226
scientsbank,103,clean,incorrect,incorrect,0.6308028310450274,0.008913964163863069,0.005597642841374729,0.020922063165671485,0.0,0.02778274244980836,0.020922063165671485
scientsbank,104,clean,correct,correct,0.6379933408782997,0.009846458314070387,0.004144497082674892,0.010496404897293274,0.0,0.030650112556195038,0.010496404897293274
scientsbank,105,clean,incorrect,incorrect,0.6112371716994482,0.009367448682029794,0.007075710098049126,0.01423915137251611,0.0,0.03832708089768065,0.01423915137251611
scientsbank,106,clean,incorrect,incorrect,0.5998705253696566,0.01079506881220877,0.004440220660885363,0.015236154187819378,0.0,0.028151771866071075,0.015236154187819378
scientsbank,107,clean,incorrect,correct,0.6220745415233792,0.0072483500589215115,0.0038441253944774957,0.010684863753275046,0.0,0.029473378754230138,0.010684863753275046
scientsbank,108,clean,correct,correct,0.6595123402697487,0.007317391482414464,0.004562877112885895,0.008883604364858706,0.0,0.020502976783583576,0.008883604364858706
scientsbank,109,clean,correct,incorrect,0.6094906691414562,0.007766917982890556,0.004101998297875997,0.015571552197803018,0.0,0.0339465185023481,0.015571552197803018
scientsbank,110,clean,correct,correct,0.6427597215819691,0.008516742036627134,0.004074549589878202,0.0162505762277938,0.0,0.03299261285492775,0.0162505762277938
scientsbank,111,clean,incorrect,incorrect,0.630156441069645,0.00965739464143067,0.004009971060946483,0.015441153424414942,0.0,0.026252630321973933,0.015441153424414942
scientsbank,112,clean,correct,correct,0.6583129740364697,0.018518969092034994,0.0039008866014596673,0.007191471374852464,0.0,0.02091509254833037,0.007191471374852464
scientsbank,113,clean,correct,incorrect,0.6445132564945343,0.008632318812223807,0.002244471981176549,0.011655244481808633,0.0,0.023130378485136268,0.011655244481808633
scientsbank,114,clean,correct,incorrect,0.6491604890559883,0.010823286100187993,0.004210415003433188,0.009830866088465144,0.0,0.02257203519146426,0.009830866088465144
scientsbank,115,clean,incorrect,incorrect,0.6163332974110238,0.011333066779672555,0.0058886779838716475,0.014320167117055402,0.0,0.029471262216947663,0.014320167117055402
scientsbank,116,clean,correct,correct,0.6525745156442803,0.009747682378623014,0.003407038716560828,0.010700582826479654,0.0,0.02380859370100131,0.010700582826479654
scientsbank,117,clean,correct,correct,0.6080928701530071,0.009368132661104702,0.003672955989814802,0.01267597125838736,0.0,0.03610823543555053,0.01267597125838736
scientsbank,118,clean,incorrect,incorrect,0.6391167969620186,0.021659361861096713,0.006288001778215636,0.01248867515573478,0.0,0.02706181023000162,0.01248867515573478
scientsbank,119,clean,incorrect,incorrect,0.6029498307168506,0.007027697900062748,0.005644825241045115,0.016030656058253986,0.0,0.03596230826756598,0.016030656058253986
scientsbank,120,clean,incorrect,incorrect,0.5853884391956093,0.011073741249954082,0.006787423666043514,0.02198172646932689,0.0,0.03424862535320651,0.02198172646932689
scientsbank,121,clean,correct,incorrect,0.6775309176885721,0.008765025030912553,0.0020902241898088634,0.009553481581585303,0.0,0.016913779011418224,0.009553481581585303
scientsbank,122,clean,incorrect,incorrect,0.6451593167697793,0.007774047397866404,0.0021512532634867057,0.009014866356250447,0.0,0.030775217266928997,0.009014866356250447
scientsbank,123,clean,incorrect,incorrect,0.579652459318511,0.012573644943693478,0.0025692324663947517,0.012620791062991762,0.0,0.03310596621693621,0.012620791062991762
scientsbank,124,clean,correct,incorrect,0.6255887179360928,0.006358374802077598,0.007807784049495031,0.023878921743732063,0.0,0.026861874812295645,0.023878921743732063
scientsbank,125,clean,incorrect,incorrect,0.6742633174724727,0.008552618890202405,0.0037126224423292852,0.008944825447513287,0.0,0.019322425537467113,0.008944825447513287
scientsbank,126,clean,correct,incorrect,0.6489650346989324,0.008449268139900032,0.002694830873949558,0.01278712226595896,0.0,0.022356621351548825,0.01278712226595896
scientsbank,127,clean,correct,incorrect,0.672431821049398,0.014843176104913619,0.006349113193446242,0.006189450468874313,0.0,0.020184899216409105,0.006189450468874313
scientsbank,128,clean,incorrect,incorrect,0.6565817522576738,0.01166332594463135,0.007827940104780141,0.012653487022621002,0.0,0.02841605125405222,0.012653487022621002
scientsbank,129,clean,correct,incorrect,0.5847092292317434,0.012236652484472069,0.007220199814915294,0.02351108871346451,0.0,0.03854589660027458,0.02351108871346451
scientsbank,130,clean,correct,incorrect,0.6142240153887009,0.00819748832718544,0.0039993959964682154,0.014609387494300274,0.0,0.03278352647313263,0.014609387494300274
scientsbank,131,clean,incorrect,incorrect,0.6682966280608935,0.008461695230688468,0.0036232684321603637,0.009531196964420263,0.0,0.02241870479495665,0.009531196964420263
scientsbank,132,clean,incorrect,incorrect,0.6437490881428067,0.011016159048524009,0.0029191354756107008,0.009408249622333867,0.0,0.025245752034824046,0.009408249622333867
scientsbank,133,clean,incorrect,incorrect,0.6727682981166696,0.013928056985590931,0.006205772937577523,0.007036076928693243,0.0,0.019477926086498263,0.007036076928693243
scientsbank,134,clean,incorrect,incorrect,0.659078674060452,0.012736394455149755,0.0034451342685760094,0.01233423267466727,0.0,0.022839547044733705,0.01233423267466727
scientsbank,135,clean,correct,incorrect,0.6179244951326955,0.010481059662067468,0.003500201957648367,0.01522506806312425,0.0,0.03261642837571107,0.01522506806312425
scientsbank,136,clean,incorrect,incorrect,0.6162265178458372,0.008495780377737102,0.0037833051838122634,0.01365385599285702,0.0,0.029083904875772466,0.01365385599285702
scientsbank,137,clean,correct,incorrect,0.6163380552028657,0.015491051406861082,0.003105358897619037,0.013582370868959878,0.0,0.022387559787377515,0.013582370868959878
scientsbank,138,clean,incorrect,incorrect,0.6073077776017081,0.01220953172237357,0.0047779045963474405,0.015769862811527854,0.0,0.03292926268673059,0.015769862811527854
scientsbank,139,clean,correct,incorrect,0.6251347623499796,0.007601071090948716,0.004055480452960277,0.016039502791172184,0.0,0.03190709236914853,0.016039502791172184
scientsbank,140,clean,incorrect,incorrect,0.6669071425505197,0.011854347704550816,0.0027819945899773056,0.01071597214147317,0.0,0.02123189502081554,0.01071597214147317
scientsbank,141,clean,incorrect,incorrect,0.6677081102784526,0.0075788400600813564,0.003418957346990373,0.010248751002142164,0.0,0.02216565892138512,0.010248751002142164
scientsbank,142,clean,incorrect,incorrect,0.6010001740913283,0.011374942255727919,0.003993290765067187,0.013307624752263263,0.0,0.030715563137669214,0.013307624752263263
scientsbank,143,clean,incorrect,incorrect,0.6080724183759926,0.010131799012197332,0.0034273883113110407,0.012911420479713236,0.0,0.03459848256320672,0.012911420479713236
scientsbank,144,clean,incorrect,incorrect,0.6163507525044194,0.014633306793146115,0.0033843811217034478,0.014933480249243031,0.0,0.03681809452754548,0.014933480249243031
scientsbank,145,clean,incorrect,incorrect,0.5863014783676287,0.010480517867889373,0.00406118578501598,0.025962240238982963,0.0,0.03677364660143986,0.025962240238982963
scientsbank,146,clean,correct,incorrect,0.6353776257964202,0.006594679818813998,0.0032553420297637783,0.013104768163736687,0.0,0.028365546625413032,0.013104768163736687
scientsbank,147,clean,correct,incorrect,0.6332201654064377,0.007873485334082258,0.0038830435400278363,0.017871069470023628,0.0,0.025706846083803216,0.017871069470023628
scientsbank,148,clean,correct,incorrect,0.6553193647188893,0.007947062012861241,0.0038045409348356767,0.012411355441596501,0.0,0.025185002715103176,0.012411355441596501
scientsbank,149,clean,correct,incorrect,0.5697154858401193,0.013882482388204453,0.006445719092345053,0.028350679287646768,0.0,0.046941038648400615,0.028350679287646768
scientsbank,150,clean,incorrect,incorrect,0.6154209998169253,0.008929232834749829,0.006326253630229872,0.017850705738832847,0.0,0.03323637996369188,0.017850705738832847
scientsbank,151,clean,correct,incorrect,0.6810244421682538,0.015776155878355295,0.006230219119940148,0.010924680901714067,0.0,0.015529685146769591,0.010924680901714067
scientsbank,152,clean,incorrect,incorrect,0.6622294675468204,0.012871456986070635,0.002790135188693071,0.00935092926526321,0.0,0.023848774577530124,0.00935092926526321
scientsbank,153,clean,incorrect,incorrect,0.6488556967637459,0.007503981011712671,0.004259663134097617,0.011375973377433693,0.0,0.02951335470586055,0.011375973377433693
scientsbank,154,clean,correct,correct,0.6041820890213933,0.016543997198925124,0.0038270887104303484,0.01758119439419781,0.0,0.04519790815242885,0.01758119439419781
scientsbank,155,clean,incorrect,incorrect,0.6513511858045913,0.007779221179673994,0.00630010037146807,0.011193604567906764,0.0,0.027620433982395002,0.011193604567906764
scientsbank,156,clean,correct,incorrect,0.639937026826155,0.005913520614479958,0.0035987053859341048,0.01561973020433514,0.0,0.02554673315489941,0.01561973020433514
scientsbank,157,clean,incorrect,incorrect,0.63151050919369,0.009762638295245653,0.00540670055496272,0.013016731780841239,0.0,0.02952787539229905,0.013016731780841239
scientsbank,158,clean,incorrect,incorrect,0.6506602456841826,0.008592945154854715,0.0031732189645392542,0.011589933653958188,0.0,0.020235515987993013,0.011589933653958188
scientsbank,159,clean,incorrect,incorrect,0.6067780976073299,0.011124704678862549,0.004633887076556769,0.011737399308411917,0.0,0.03389531897843832,0.011737399308411917
scientsbank,160,clean,correct,incorrect,0.6400514027881546,0.008911185826070436,0.003567555058764893,0.014072958095049545,0.0,0.028107705606077775,0.014072958095049545
scientsbank,161,clean,incorrect,incorrect,0.6590889363070023,0.008968318998203856,0.0024433470659326927,0.010257002147169333,0.0,0.023243990358246286,0.010257002147169333
scientsbank,162,clean,incorrect,incorrect,0.6228101513843927,0.010441821934522972,0.0037809860440862044,0.01403529450107798,0.0,0.03120986225646873,0.01403529450107798
scientsbank,163,clean,incorrect,incorrect,0.6537892094436166,0.007812952248558089,0.0021211855698133743,0.008509479137210505,0.0,0.03216552668501931,0.008509479137210505
scientsbank,164,clean,incorrect,incorrect,0.6678651647695347,0.006374478017077412,0.003154075914411875,0.016598859929836327,0.0,0.021747825802475237,0.016598859929836327
scientsbank,165,clean,correct,correct,0.5846772312969933,0.01339744702531853,0.002772742209918298,0.0170148150496985,0.0,0.03904387927846359,0.0170148150496985
scientsbank,166,clean,correct,correct,0.6197694379505638,0.0079194272766152,0.005456684355037663,0.014995410321101408,0.0,0.03302188885337517,0.014995410321101408
scientsbank,167,clean,incorrect,incorrect,0.6524476956756085,0.012903206965095048,0.003430230460004251,0.007388518776554315,0.0,0.021955763592073636,0.007388518776554315
scientsbank,168,clean,incorrect,incorrect,0.632749281492816,0.01145533211127724,0.0032545295884809753,0.011589230783977621,0.0,0.026322014221837057,0.011589230783977621
scientsbank,169,clean,correct,incorrect,0.6246962075441328,0.007633748625473855,0.003910055064907717,0.011441035519959565,0.0,0.028703819998990375,0.011441035519959565
scientsbank,170,clean,incorrect,incorrect,0.6293750406385183,0.01103827242367019,0.002769957236784951,0.01224723289380344,0.0,0.03229753897610816,0.01224723289380344
scientsbank,171,clean,incorrect,incorrect,0.5880403920335239,0.010591623362114031,0.0043399020124793635,0.012923390919165093,0.0,0.04501062952955965,0.012923390919165093
scientsbank,172,clean,incorrect,incorrect,0.6388909243346287,0.007467766750937107,0.0041808553159980244,0.010325293690932385,0.0,0.024675216016531363,0.010325293690932385
scientsbank,173,clean,incorrect,incorrect,0.6250310165047135,0.010478036739273295,0.0032984160785746687,0.012608253858381678,0.0,0.03180666581334035,0.012608253858381678
scientsbank,174,clean,incorrect,incorrect,0.6582402917332641,0.011018474185939047,0.005386512763121589,0.00830279586656347,0.0,0.024181344339483404,0.00830279586656347
scientsbank,175,clean,incorrect,correct,0.605744351152941,0.010996462780446851,0.007539778083582553,0.013951115103966806,0.0,0.035667887119200284,0.013951115103966806
scientsbank,176,clean,incorrect,incorrect,0.6470765680482135,0.008554108467958338,0.004103655302030607,0.013396739383554854,0.0,0.021484270973329285,0.013396739383554854
scientsbank,177,clean,incorrect,incorrect,0.6546379079030773,0.010184856864959175,0.003963368106377181,0.015187360138722641,0.0,0.032688984679536355,0.015187360138722641
scientsbank,178,clean,correct,correct,0.5735775914702247,0.013705657230503477,0.00515932274060727,0.02671964022456182,0.0,0.03601757181361964,0.02671964022456182
scientsbank,179,clean,incorrect,incorrect,0.6545941110154222,0.008842011280943966,0.0034490969933198812,0.015045396519033236,0.0,0.02713442418664943,0.015045396519033236
scientsbank,180,clean,correct,incorrect,0.6598793129035825,0.010211553596782314,0.007151381490297013,0.010349757227659033,0.0,0.025924041351051485,0.010349757227659033
scientsbank,181,clean,correct,correct,0.6141246963545397,0.00892902384679329,0.003227690882148377,0.015071449160444901,0.0,0.03437281199170999,0.015071449160444901
scientsbank,182,clean,correct,incorrect,0.6559005280037733,0.0112113452851182,0.0031981637321416606,0.008615734573079774,0.0,0.03157254763900279,0.008615734573079774
scientsbank,183,clean,incorrect,incorrect,0.6086419771519316,0.01609619158048947,0.004628261263604431,0.014201552369090339,0.0,0.03342171280186406,0.014201552369090339
scientsbank,184,clean,incorrect,incorrect,0.6394682194099177,0.009713853063684531,0.005550364954117451,0.018303726267087858,0.0,0.026564025714849403,0.018303726267087858
scientsbank,185,clean,incorrect,incorrect,0.6391187294010331,0.010843298560779924,0.004455489074371102,0.008021905826962362,0.0,0.03286541265609105,0.008021905826962362
scientsbank,186,clean,correct,incorrect,0.6296092130696238,0.009408523283773276,0.0018330160967641304,0.00982354720014217,0.0,0.024747205433951636,0.00982354720014217
scientsbank,187,clean,incorrect,incorrect,0.628262219323277,0.00754120765194707,0.0032282991881326184,0.013171823337404893,0.0,0.02572905065761744,0.013171823337404893
scientsbank,188,clean,incorrect,incorrect,0.6320497326649549,0.007932466093997191,0.006132759191168349,0.020064248294595015,0.0,0.03298316345057021,0.020064248294595015
scientsbank,189,clean,incorrect,incorrect,0.6542241404937573,0.005453519369908928,0.0037802981091704345,0.009220565423428846,0.0,0.02257099669426875,0.009220565423428846
scientsbank,190,clean,correct,incorrect,0.6416942493826986,0.01372028537783769,0.0032438072243197204,0.009064099339116793,0.0,0.021851813221940995,0.009064099339116793
scientsbank,191,clean,incorrect,incorrect,0.6478187808614669,0.01337509492658331,0.002798397120335274,0.01001125438436737,0.0,0.02124962103054148,0.01001125438436737
scientsbank,192,clean,incorrect,incorrect,0.649942024057052,0.006507438580937436,0.005245924592716126,0.015584497349634912,0.0,0.019198858275781747,0.015584497349634912
scientsbank,193,clean,correct,correct,0.6370933480845696,0.006941954696243563,0.0037250211166428245,0.014060428067328039,0.0,0.031708478931422736,0.014060428067328039
scientsbank,194,clean,incorrect,incorrect,0.6299652582800225,0.010538329678026028,0.004029743721371597,0.012700145369432534,0.0,0.02557204326827888,0.012700145369432534
scientsbank,195,clean,correct,incorrect,0.6434826935467924,0.008274221798293022,0.0036644295750799683,0.0074855240225043355,0.0,0.0289944646670561,0.0074855240225043355
scientsbank,196,clean,incorrect,incorrect,0.5603053995613667,0.02385133217914818,0.010512227324055153,0.024051106455671177,0.0,0.042720227151457804,0.024051106455671177
scientsbank,197,clean,correct,correct,0.6278629538096347,0.009061914217296834,0.003284705432343331,0.013716876467866155,0.0,0.023496112736890062,0.013716876467866155
scientsbank,198,clean,correct,incorrect,0.5741558320807054,0.010820500105494913,0.0052695007646891235,0.0223148564255939,0.0,0.04502642140986503,0.0223148564255939
scientsbank,199,clean,incorrect,incorrect,0.6559105018492335,0.006808023450468354,0.004882133812224686,0.015094049678694271,0.0,0.021548201944239398,0.015094049678694271
scientsbank,200,clean,incorrect,incorrect,0.6194230199612921,0.006756875337942262,0.00840729311785098,0.025762945136144542,0.0,0.03013540612944438,0.025762945136144542
scientsbank,201,clean,incorrect,incorrect,0.6264027160486607,0.005910042256103939,0.0066059661720824945,0.016132163243867147,0.0,0.028063242309643893,0.016132163243867147
scientsbank,202,clean,correct,correct,0.6359496973493209,0.009164751403926258,0.003901183536347009,0.01135045914415639,0.0,0.025636348953137485,0.01135045914415639
scientsbank,203,clean,correct,incorrect,0.6417262378998289,0.007731084873470558,0.0039416782110486045,0.017730646750484674,0.0,0.02538827459072408,0.017730646750484674
scientsbank,204,clean,incorrect,incorrect,0.6584372065048374,0.009198638122776596,0.002722083724660217,0.011330360243495818,0.0,0.02332519055182759,0.011330360243495818
scientsbank,205,clean,incorrect,incorrect,0.6460331372289995,0.009563296485787218,0.003947708768350259,0.010620654634890269,0.0,0.02480313743099688,0.010620654634890269
scientsbank,206,clean,incorrect,incorrect,0.6577750314890395,0.009700354957621168,0.002933802446714871,0.008422057869172966,0.0,0.023517050176610436,0.008422057869172966
scientsbank,207,clean,incorrect,incorrect,0.5971530515947611,0.012283318432595173,0.004454938639524399,0.01216129475952501,0.0,0.03479895465590757,0.01216129475952501
scientsbank,208,clean,incorrect,incorrect,0.6660252991943175,0.004895156070226727,0.006099919370321515,0.011703142267217812,0.0,0.023864333155461763,0.011703142267217812
scientsbank,209,clean,correct,incorrect,0.6214166291092835,0.009319558012710158,0.0052123764169290515,0.012056844247196791,0.0,0.030072939041832943,0.012056844247196791
scientsbank,210,clean,incorrect,incorrect,0.6552393825132006,0.01139759529824047,0.003075064967254307,0.009287278834942462,0.0,0.024848855470752617,0.009287278834942462
scientsbank,211,clean,correct,incorrect,0.5835310789537173,0.019325478234578645,0.00895415395856744,0.015550632861551736,0.0,0.03883768528808379,0.015550632861551736
scientsbank,212,clean,correct,correct,0.6368988182423292,0.004747061637147505,0.005278198063600903,0.01742824207592501,0.0,0.026403159211872043,0.01742824207592501
scientsbank,213,clean,incorrect,incorrect,0.6125717312195572,0.008906662381985295,0.00798617000068436,0.016723587468497177,0.0,0.036897771668139526,0.016723587468497177
scientsbank,214,clean,correct,incorrect,0.6232386706732105,0.009478092125421306,0.005666977848734457,0.02257234684436895,0.0,0.03152865652368418,0.02257234684436895
scientsbank,215,clean,correct,incorrect,0.5600698069092708,0.01067804686127299,0.005807492593567467,0.019760534457548124,0.0,0.047001325254225984,0.019760534457548124
scientsbank,216,clean,incorrect,incorrect,0.6653810813115529,0.011315634581303847,0.0035939103826543987,0.00926368872882365,0.0,0.023094715433100002,0.00926368872882365
scientsbank,217,clean,correct,incorrect,0.6347706842475042,0.009484442141977755,0.0036150425073145868,0.008933135623134863,0.0,0.029877410563128416,0.008933135623134863
scientsbank,218,clean,incorrect,incorrect,0.5965133022919689,0.007484272116972161,0.009861685261076001,0.029025047149364058,0.0,0.03881708908800042,0.029025047149364058
scientsbank,219,clean,correct,incorrect,0.5654592080371217,0.012338844884584966,0.004535945066840433,0.025473867495375873,0.0,0.03996979299319435,0.025473867495375873
scientsbank,220,clean,correct,incorrect,0.6186854567551338,0.009886043193950221,0.007054134717235039,0.020355003906737005,0.0,0.030667647554268433,0.020355003906737005
scientsbank,221,clean,correct,correct,0.6184122498673638,0.006976930154310016,0.0038131010409162367,0.02449391465592434,0.0,0.028638568958874455,0.02449391465592434
scientsbank,222,clean,correct,correct,0.628110190931211,0.011287023304473055,0.003915609612007234,0.01142775094255967,0.0,0.024931889370931982,0.01142775094255967
scientsbank,223,clean,incorrect,incorrect,0.5825974310537172,0.01222845945003196,0.007693415456832828,0.02103443088038137,0.0,0.03479114227817607,0.02103443088038137
scientsbank,224,clean,correct,incorrect,0.6501878003450707,0.008042354393336735,0.00183974022208796,0.016233282977550997,0.0,0.019613704117902697,0.016233282977550997
scientsbank,225,clean,incorrect,incorrect,0.630072003279796,0.010236750953181007,0.0031387153514384186,0.013562818476704604,0.0,0.024912233825528318,0.013562818476704604
scientsbank,226,clean,incorrect,incorrect,0.6517190430932401,0.009841433762194766,0.003021308717028967,0.015340749865546038,0.0,0.018370167557660178,0.015340749865546038
scientsbank,227,clean,incorrect,incorrect,0.6378350159019731,0.008120280952863827,0.00327415858785632,0.010931289760528286,0.0,0.028159506635665077,0.010931289760528286
scientsbank,228,clean,incorrect,incorrect,0.5598693775275874,0.015986306553721737,0.006943189407051029,0.019535252912819802,0.0,0.04109796477016167,0.019535252912819802
scientsbank,229,clean,incorrect,incorrect,0.63929241410814,0.006201243689094928,0.007485165849104026,0.011158224890410292,0.0,0.03152896159510246,0.011158224890410292
scientsbank,230,clean,incorrect,incorrect,0.6479687558322512,0.009751300753868418,0.003613815390493458,0.016680320273674602,0.0,0.030724098375265414,0.016680320273674602
scientsbank,231,clean,correct,incorrect,0.6518281163390598,0.008853763583576865,0.005045516112660913,0.014354035004461614,0.0,0.024444589796388982,0.014354035004461614
scientsbank,232,clean,correct,incorrect,0.6087120010662564,0.005970654841288946,0.006034973258426993,0.025182327824063877,0.0,0.032549883399047304,0.025182327824063877
scientsbank,233,clean,incorrect,incorrect,0.6410592841080701,0.01283051258918036,0.0052509414458445,0.014625733734553129,0.0,0.02636215129219949,0.014625733734553129
scientsbank,234,clean,correct,correct,0.6510382620893331,0.008076742826670431,0.0033888056275275216,0.00834820493445865,0.0,0.023637828298368926,0.00834820493445865
scientsbank,235,clean,incorrect,incorrect,0.627886375621112,0.010191631904400552,0.00433962650630532,0.01257300790421763,0.0,0.030791817493696586,0.01257300790421763
scientsbank,236,clean,incorrect,incorrect,0.6395034812984867,0.0111496050846798,0.0034681471394153495,0.013629794454558882,0.0,0.029340953259635802,0.013629794454558882
scientsbank,237,clean,incorrect,incorrect,0.6707786816044831,0.0055397104763245655,0.0031650750357369592,0.011405708106918086,0.0,0.020614655079966796,0.011405708106918086
scientsbank,238,clean,incorrect,incorrect,0.5746492509218548,0.013336867393082286,0.006178371721074791,0.023387202138253037,0.0,0.03821834319928322,0.023387202138253037
scientsbank,239,clean,incorrect,incorrect,0.653609692627782,0.00860955609564246,0.0050597204666555495,0.009081677690273599,0.0,0.021306390673837567,0.009081677690273599
scientsbank,240,clean,correct,incorrect,0.6780722740436947,0.007757690399117785,0.002312534516526055,0.008680597670105959,0.0,0.016980228671304446,0.008680597670105959
scientsbank,241,clean,incorrect,incorrect,0.6386680087538349,0.009767634908386296,0.003111543097858048,0.0101958769850817,0.0,0.027636142738109694,0.0101958769850817
scientsbank,242,clean,correct,incorrect,0.6495985123716195,0.009750782775701095,0.005673252190564259,0.00858869999445561,0.0,0.026308297797133284,0.00858869999445561
scientsbank,243,clean,incorrect,incorrect,0.6000992757343274,0.014016362310518995,0.00619194381887813,0.013279694624263705,0.0,0.03919799516679218,0.013279694624263705
scientsbank,244,clean,incorrect,incorrect,0.648232139982238,0.010593640376125589,0.003542121604003751,0.010420224752381121,0.0,0.027532477211132805,0.010420224752381121
scientsbank,245,clean,correct,correct,0.651431697043766,0.011083255153518774,0.0029051049098654407,0.011578401439672445,0.0,0.025760976307196492,0.011578401439672445
scientsbank,246,clean,correct,incorrect,0.6713482833543526,0.009285461791547676,0.0020627267097098876,0.01926007009524414,0.0,0.020792752937187235,0.01926007009524414
scientsbank,247,clean,incorrect,incorrect,0.6165118460071698,0.012090088892502926,0.0018969522779156748,0.014503860475009183,0.0,0.0374962961332869,0.014503860475009183
scientsbank,248,clean,correct,incorrect,0.6503362974825854,0.005460631935343491,0.005586771009861101,0.020406922274411272,0.0,0.026777659532312013,0.020406922274411272
scientsbank,249,clean,correct,incorrect,0.6229485080423898,0.006056735447462233,0.003713823537555815,0.018198789331756504,0.0,0.025999087130777,0.018198789331756504
scientsbank,250,clean,correct,incorrect,0.6714129001274223,0.005173313588088622,0.0035884008582044613,0.009272176600992912,0.0,0.025365264724555324,0.009272176600992912
scientsbank,251,clean,incorrect,incorrect,0.6557953228713005,0.010241460728938813,0.0024159996249024326,0.01323218551335589,0.0,0.020609421684518906,0.01323218551335589
scientsbank,252,clean,incorrect,incorrect,0.6526378486066712,0.01047766720285381,0.002086988815730511,0.01419935254179318,0.0,0.02375310234921094,0.01419935254179318
scientsbank,253,clean,correct,incorrect,0.6419134820902566,0.011011479957675523,0.004945118857677305,0.01168164636233395,0.0,0.022557134954446324,0.01168164636233395
scientsbank,254,clean,correct,incorrect,0.621836269933305,0.00926642581101312,0.0042298228339134524,0.013609326416544587,0.0,0.03112662062020777,0.013609326416544587
scientsbank,255,clean,incorrect,incorrect,0.6638597965659722,0.01536828611235427,0.005073826528709134,0.008182449882114761,0.0,0.023504768680698635,0.008182449882114761
scientsbank,256,clean,incorrect,incorrect,0.5654402993793525,0.014863823676878512,0.0052042377961303565,0.016750510467011488,0.0,0.038963019447932845,0.016750510467011488
scientsbank,257,clean,incorrect,incorrect,0.6200727780199445,0.01113553248076776,0.003918243204309984,0.014423847233467338,0.0,0.028082670627159474,0.014423847233467338
scientsbank,258,clean,correct,correct,0.631374005288909,0.007772178350029615,0.004046678024246204,0.011757715158427742,0.0,0.029884848524053733,0.011757715158427742
scientsbank,259,clean,incorrect,incorrect,0.6435871635704498,0.00913894688470159,0.002447938600496552,0.011200098524362352,0.0,0.01901300400936101,0.011200098524362352
scientsbank,260,clean,incorrect,incorrect,0.5842825529925517,0.01226339630070041,0.013657099310087255,0.02232590822483536,0.0,0.041696356746076,0.02232590822483536
scientsbank,261,clean,incorrect,incorrect,0.6417609462939998,0.007803109796813889,0.0031880186969378992,0.014049413335877134,0.0,0.03167032338071163,0.014049413335877134
scientsbank,262,clean,correct,incorrect,0.6468511690027603,0.008112925506586308,0.004835672977083449,0.016513354357808742,0.0,0.02423405675846762,0.016513354357808742
scientsbank,263,clean,correct,correct,0.6154667138389077,0.006341056137730221,0.004591897988676873,0.01956995925847575,0.0,0.031879910225626966,0.01956995925847575
scientsbank,264,clean,correct,incorrect,0.6390530529175837,0.010552105714850903,0.005360912115455788,0.011550393840219015,0.0,0.02536242992816789,0.011550393840219015
scientsbank,265,clean,incorrect,incorrect,0.6339481611556537,0.010471683430775553,0.004292278451744453,0.014575177810848716,0.0,0.026784960241967377,0.014575177810848716
scientsbank,266,clean,incorrect,incorrect,0.6808427809088804,0.01017993310861275,0.003804474485642158,0.0059978498004255075,0.0,0.02567072081302066,0.0059978498004255075
scientsbank,267,clean,incorrect,incorrect,0.6056997643881719,0.014240292358203644,0.004765041076368139,0.018446058551383888,0.0,0.0385704185425132,0.018446058551383888
scientsbank,268,clean,correct,correct,0.6689609999547911,0.008414521569932842,0.0030651919519836925,0.006815768439814671,0.0,0.020641270814176133,0.006815768439814671
scientsbank,269,clean,correct,correct,0.6215429159928273,0.010060824312630114,0.0025163700141904695,0.00843334329344236,0.0,0.033846066057369034,0.00843334329344236
scientsbank,270,clean,incorrect,incorrect,0.663246140779645,0.012569506047707677,0.005812394793523869,0.007554453049794552,0.0,0.0205254503669691,0.007554453049794552
scientsbank,271,clean,correct,incorrect,0.6283252504260112,0.010420465235547299,0.0041623419509598854,0.010502283241173778,0.0,0.03178450616244035,0.010502283241173778
scientsbank,272,clean,incorrect,incorrect,0.6408967405495334,0.009031505285696167,0.002919703672756843,0.011336949142426571,0.0,0.031994031676874986,0.011336949142426571
scientsbank,273,clean,incorrect,incorrect,0.6355906922484508,0.009022560330720826,0.004102809362150809,0.012350823306843863,0.0,0.0278341294147447,0.012350823306843863
scientsbank,274,clean,incorrect,incorrect,0.6305144219141026,0.005042271525797098,0.010794257015586018,0.01374935192999309,0.0,0.029009453961062002,0.01374935192999309
scientsbank,275,clean,correct,correct,0.6436662499941814,0.00868543113189182,0.003755423396416664,0.00938808106625188,0.0,0.024031654218412055,0.00938808106625188
scientsbank,276,clean,correct,correct,0.6315020250170074,0.011151015705961756,0.003805452334132459,0.014446783679315,0.0,0.030100011238826496,0.014446783679315
scientsbank,277,clean,incorrect,incorrect,0.6758421368997145,0.008058620748976186,0.002467466251749118,0.007678363806312963,0.0,0.01795180086724462,0.007678363806312963
scientsbank,278,clean,incorrect,incorrect,0.6676133411271551,0.009682169598477263,0.002839428599714692,0.0073400826291625445,0.0,0.018819846243267015,0.0073400826291625445
scientsbank,279,clean,correct,correct,0.5943633220407466,0.009863986728714344,0.004838581463686988,0.020434017204421454,0.0,0.04286718022943978,0.020434017204421454
scientsbank,280,clean,correct,correct,0.6145527095717465,0.009396221529067243,0.00566753948237204,0.020693863448257115,0.0,0.03419981415010634,0.020693863448257115
scientsbank,281,clean,correct,incorrect,0.6462755517603295,0.008429438424729931,0.003429509089326745,0.01347239134202483,0.0,0.02346005107190755,0.01347239134202483
scientsbank,282,clean,incorrect,incorrect,0.604213761764507,0.011936986118069575,0.0035811256503073974,0.020753069174233783,0.0,0.04115503824474754,0.020753069174233783
scientsbank,283,clean,incorrect,incorrect,0.6044671352988387,0.009304773533358825,0.004544263805719609,0.014907855574188653,0.0,0.04225163980033611,0.014907855574188653
scientsbank,284,clean,incorrect,incorrect,0.612108781912302,0.013498069808685063,0.005396835861976385,0.015471996576376858,0.0,0.03462467365021682,0.015471996576376858
scientsbank,285,clean,incorrect,incorrect,0.6286369756264302,0.010773525408757655,0.0032564408957733537,0.009138012600127834,0.0,0.023788930863122032,0.009138012600127834
scientsbank,286,clean,correct,correct,0.6307112495621211,0.00711617909810292,0.0032149744222048937,0.017243563273259852,0.0,0.022967238977568222,0.017243563273259852
scientsbank,287,clean,incorrect,incorrect,0.6755143575030544,0.008470731392334238,0.0035610383712829834,0.012732746580522184,0.0,0.025339859841517612,0.012732746580522184
scientsbank,288,clean,incorrect,incorrect,0.6684569732807233,0.007371310035354263,0.004332704642395055,0.006867566953401704,0.0,0.019044729800086833,0.006867566953401704
scientsbank,289,clean,incorrect,incorrect,0.6500779707035138,0.007023425613846455,0.0024963526171536024,0.011947325263529271,0.0,0.023562090201373998,0.011947325263529271
scientsbank,290,clean,incorrect,incorrect,0.6538650430556344,0.014621346362799052,0.001718715011502405,0.008557331344727845,0.0,0.02496619541680741,0.008557331344727845
scientsbank,291,clean,correct,incorrect,0.6651090371017144,0.0139085834814597,0.0013709772689714066,0.006656373799123616,0.0,0.020507872993844472,0.006656373799123616
scientsbank,292,clean,incorrect,incorrect,0.6282292418116648,0.015703589505920955,0.006283913911904398,0.02167011477340488,0.0,0.03835351066510435,0.02167011477340488
scientsbank,293,clean,incorrect,incorrect,0.6427923130500365,0.011581303905219154,0.0034949666086732255,0.010280098021477637,0.0,0.026915719949487778,0.010280098021477637
scientsbank,294,clean,incorrect,incorrect,0.5906214668410709,0.011578788811536875,0.003981845926139377,0.028410184904588708,0.0,0.044230878000598946,0.028410184904588708
scientsbank,295,clean,correct,correct,0.6230988252268731,0.0096379665665316,0.005820512424634315,0.010590322105539283,0.0,0.029015102721513468,0.010590322105539283
scientsbank,296,clean,correct,incorrect,0.5821271683936085,0.012596643112636951,0.0039728424672109955,0.0128145748144153,0.0,0.04202600659589132,0.0128145748144153
scientsbank,297,clean,incorrect,incorrect,0.6378795982646936,0.01072486698065116,0.0028998621203718718,0.010473715221379376,0.0,0.029586334238495025,0.010473715221379376
scientsbank,298,clean,incorrect,incorrect,0.5936126720339696,0.013655536217955776,0.006523739504687304,0.020151048118397432,0.0,0.03463413653101363,0.020151048118397432
scientsbank,299,clean,incorrect,incorrect,0.5595962732909994,0.010372324079384182,0.004888770014915675,0.021517077161100653,0.0,0.03693440457882028,0.021517077161100653
scientsbank,300,clean,correct,correct,0.6756372214554398,0.007308925078450336,0.002181874570501386,0.006085902018110268,0.0,0.019200162354314026,0.006085902018110268
scientsbank,301,clean,correct,incorrect,0.642432711499436,0.0048565521484388975,0.006051255392260898,0.010177631626012576,0.0,0.025349647431388025,0.010177631626012576
scientsbank,302,clean,correct,incorrect,0.5998039147116646,0.013899242654411425,0.004622308496728051,0.015967302661899826,0.0,0.03889317051564391,0.015967302661899826
scientsbank,303,clean,incorrect,incorrect,0.6592686062891671,0.008720286676477078,0.0026404036297332885,0.013185345926577201,0.0,0.025181724243590217,0.013185345926577201
scientsbank,304,clean,incorrect,incorrect,0.6741115793348593,0.009618500960072735,0.0022692953625570323,0.006063541940154492,0.0,0.02105539650103379,0.006063541940154492
scientsbank,305,clean,correct,incorrect,0.62985785361759,0.009251478695274382,0.004647442997064105,0.01671610308828025,0.0,0.02738380453407124,0.01671610308828025
scientsbank,306,clean,incorrect,incorrect,0.6148112632815517,0.006658992414339531,0.00351283903447471,0.016509914311069955,0.0,0.02845747707037474,0.016509914311069955
scientsbank,307,clean,correct,correct,0.6224236860409579,0.00973265140271772,0.003816409368382432,0.011346426591062757,0.0,0.030604219325749006,0.011346426591062757
scientsbank,308,clean,incorrect,incorrect,0.6192784093685456,0.00757732136919397,0.0058102311745363575,0.015665569808226556,0.0,0.03125772439018286,0.015665569808226556
scientsbank,309,clean,incorrect,incorrect,0.6350585925316944,0.009066249592682533,0.0040982747885545566,0.011214533982558127,0.0,0.028621188817245586,0.011214533982558127
scientsbank,310,clean,incorrect,incorrect,0.565636693066783,0.014909219124122845,0.0061142143934653035,0.020240059386187243,0.0,0.0370295670638882,0.020240059386187243
scientsbank,311,clean,correct,correct,0.6384585590144002,0.00883279510651464,0.004522497730271451,0.01314809103288076,0.0,0.029248659005039788,0.01314809103288076
scientsbank,312,clean,incorrect,incorrect,0.6068579990930033,0.00844404138770252,0.004763695953107487,0.025726242893040912,0.0,0.03600760106521535,0.025726242893040912
scientsbank,313,clean,correct,incorrect,0.6261634872046579,0.006560310563052674,0.00446328139455282,0.01194271816658324,0.0,0.03221295847420347,0.01194271816658324
scientsbank,314,clean,incorrect,incorrect,0.6601164504484506,0.010341337826220603,0.0031329199710406356,0.014980311381607471,0.0,0.018579699699842675,0.014980311381607471
scientsbank,315,clean,incorrect,incorrect,0.6356202000936503,0.013608636873612296,0.004702036525530188,0.012272143932975507,0.0,0.02289886074644592,0.012272143932975507
scientsbank,316,clean,correct,incorrect,0.5687566533199023,0.009203689675573038,0.006425325258850792,0.021395503607154146,0.0,0.05476638712989902,0.021395503607154146
scientsbank,317,clean,correct,correct,0.611160987555989,0.007140312642192997,0.005740624739269447,0.023735659893930793,0.0,0.032023335749064526,0.023735659893930793
scientsbank,318,clean,incorrect,incorrect,0.6384654888887696,0.009995782999224,0.004682958485506222,0.011041742343041979,0.0,0.024660209346949416,0.011041742343041979
scientsbank,319,clean,incorrect,incorrect,0.6651126599599009,0.008722177045640336,0.0021326294031260443,0.011638172560761805,0.0,0.023262962417962982,0.011638172560761805
scientsbank,320,clean,correct,incorrect,0.6497012674625315,0.007040994806118666,0.004950397652254508,0.013747646692061943,0.0,0.023336277315750997,0.013747646692061943
scientsbank,321,clean,correct,correct,0.6201159864057022,0.008195181232482151,0.005317145674040669,0.014636566993021157,0.0,0.028274233086805132,0.014636566993021157
scientsbank,322,clean,correct,incorrect,0.6409468262321545,0.008950625929524305,0.004353199407225051,0.010956624058119143,0.0,0.027479243636368403,0.010956624058119143
scientsbank,323,clean,incorrect,correct,0.6244032653784326,0.008826783225287505,0.0033783104569734975,0.012226538733828755,0.0,0.030682626669739265,0.012226538733828755
scientsbank,324,clean,correct,incorrect,0.616173501101741,0.011352061714757496,0.0042349950199551505,0.011643170746116822,0.0,0.030736065956538414,0.011643170746116822
scientsbank,325,clean,correct,incorrect,0.650995084048889,0.006558793838564136,0.002796997674180558,0.013433981498084507,0.0,0.027527931418480138,0.013433981498084507
scientsbank,326,clean,incorrect,incorrect,0.6084806318226389,0.011321048005757176,0.0020635109779493566,0.015683828237395944,0.0,0.03935076320779245,0.015683828237395944
scientsbank,327,clean,incorrect,incorrect,0.6900964171884009,0.00844270953486621,0.004428551128050104,0.006754435453209649,0.0,0.01862635802407736,0.006754435453209649
scientsbank,328,clean,incorrect,incorrect,0.6146907145087667,0.013914899248226385,0.004681060313427983,0.015405719599815937,0.0,0.034670495693447156,0.015405719599815937
scientsbank,329,clean,incorrect,incorrect,0.6458070413681936,0.00883615302000317,0.003954813336207953,0.008848290919753221,0.0,0.02571140364308946,0.008848290919753221
scientsbank,330,clean,incorrect,incorrect,0.6439967095804416,0.010091824932591063,0.003557740006963835,0.009334347286845327,0.0,0.025727770809461436,0.009334347286845327
scientsbank,331,clean,incorrect,incorrect,0.628282787421616,0.011342300505362161,0.0035404974828548547,0.01086945853448881,0.0,0.02327778648383762,0.01086945853448881
scientsbank,332,clean,correct,incorrect,0.633840377630656,0.007754042519865346,0.004004270570298032,0.01197371309375139,0.0,0.024672181041855368,0.01197371309375139
scientsbank,333,clean,correct,incorrect,0.639229993520424,0.00754252169669894,0.0025932589314997035,0.010394463682649105,0.0,0.02614782123512885,0.010394463682649105
scientsbank,334,clean,incorrect,incorrect,0.6343880455022821,0.012393779374393767,0.0032838667865720604,0.012731431180401103,0.0,0.027325439508508874,0.012731431180401103
scientsbank,335,clean,correct,incorrect,0.6243061721953296,0.006166483855786122,0.006831828815088593,0.020295167532787615,0.0,0.033348329429698016,0.020295167532787615
scientsbank,336,clean,incorrect,incorrect,0.6555613449321269,0.007074959888126957,0.0043676910194852215,0.015045848769137164,0.0,0.028370866656783945,0.015045848769137164
scientsbank,337,clean,incorrect,incorrect,0.6711822034522464,0.008247349052559784,0.003530003947388586,0.009489206726659634,0.0,0.020355372101262047,0.009489206726659634
scientsbank,338,clean,incorrect,correct,0.6238326362865025,0.007064319109254968,0.006099269036554371,0.021040380241171927,0.0,0.03356695905045557,0.021040380241171927
scientsbank,339,clean,incorrect,incorrect,0.6281619928782354,0.006772143166005539,0.0036356820137148655,0.018679538173022106,0.0,0.03222477812654498,0.018679538173022106
scientsbank,340,clean,correct,incorrect,0.6079429138568171,0.005151375965599577,0.0065191732070215185,0.022383091343485487,0.0,0.02845667434814533,0.022383091343485487
scientsbank,341,clean,incorrect,incorrect,0.613777803051329,0.008794362633225116,0.005272927720807642,0.01788272371950655,0.0,0.034996052297087576,0.01788272371950655
scientsbank,342,clean,incorrect,correct,0.5881934158748074,0.014650595302221287,0.005693413414837744,0.012668515748830121,0.0,0.03683859727580276,0.012668515748830121
scientsbank,343,clean,incorrect,incorrect,0.570720202453537,0.010821843578352456,0.006086751207259236,0.025787250185120823,0.0,0.03421535263924128,0.025787250185120823
scientsbank,344,clean,incorrect,incorrect,0.6336031465061062,0.008376823299684841,0.004673340457662291,0.009818735507007641,0.0,0.02464220333149548,0.009818735507007641
scientsbank,345,clean,correct,incorrect,0.6040121703167205,0.0073855444466671225,0.008487081615559236,0.021027438527907633,0.0,0.03144960145574575,0.021027438527907633
scientsbank,346,clean,incorrect,incorrect,0.6189135265993132,0.009521632126094382,0.003918729316032282,0.01796070880722408,0.0,0.028121686563304202,0.01796070880722408
scientsbank,347,clean,incorrect,incorrect,0.6125515791227113,0.018781417161193432,0.003737215519085752,0.0157850819472802,0.0,0.031402156249257955,0.0157850819472802
scientsbank,348,clean,correct,incorrect,0.6441189454290298,0.007541347052137169,0.003957494182297328,0.016330393464595635,0.0,0.024570079710942487,0.016330393464595635
scientsbank,349,clean,correct,incorrect,0.6326834111509789,0.007482874959226093,0.0035757227993399986,0.01824956726087443,0.0,0.02684958773711366,0.01824956726087443
scientsbank,350,clean,correct,correct,0.6995036579786538,0.00336807551008766,0.002704691933816067,0.012208589639497544,0.0,0.018015099471547644,0.012208589639497544
scientsbank,351,clean,correct,incorrect,0.6508344127221042,0.00734493013130891,0.004041851474118214,0.015640000548387115,0.0,0.02116488152752039,0.015640000548387115
scientsbank,352,clean,incorrect,incorrect,0.6530587187792045,0.007589104486741318,0.0033161853529713823,0.010423911453026733,0.0,0.023360526178149026,0.010423911453026733
scientsbank,353,clean,incorrect,incorrect,0.635605443668695,0.01092899331843432,0.0038659489109154556,0.011596953339940073,0.0,0.028161647159037677,0.011596953339940073
scientsbank,354,clean,correct,incorrect,0.6239152910500674,0.01168718659339062,0.001696604082710165,0.010815492993213703,0.0,0.03389771038409775,0.010815492993213703
scientsbank,355,clean,correct,correct,0.6178653471528542,0.006940341728849354,0.005016999586854615,0.015530761268584352,0.0,0.027866285157708063,0.015530761268584352
scientsbank,356,clean,correct,incorrect,0.5665832096797564,0.011141025560125998,0.004346160801996682,0.02315380734949317,0.0,0.03361869201562018,0.02315380734949317
scientsbank,357,clean,correct,correct,0.6176177626995715,0.011138428431007662,0.004962686211075802,0.013554162252951224,0.0,0.029881569278631892,0.013554162252951224
scientsbank,358,clean,correct,incorrect,0.6040396672890158,0.011056156382671274,0.0035662479879515615,0.019595986133233503,0.0,0.033131594210646764,0.019595986133233503
scientsbank,359,clean,correct,incorrect,0.5944951006472097,0.013255861955159723,0.004302286754270544,0.01674063073289103,0.0,0.034901123443127124,0.01674063073289103
scientsbank,360,clean,correct,correct,0.6315020250170074,0.011151015705961756,0.003805452334132459,0.014446783679315,0.0,0.030100011238826496,0.014446783679315
scientsbank,361,clean,incorrect,incorrect,0.6298886493085794,0.0051399676251188235,0.006120306924632652,0.011962591194941606,0.0,0.0327228855609482,0.011962591194941606
scientsbank,362,clean,correct,correct,0.6787068725650764,0.008014292072899328,0.002481393194549846,0.017864317807969828,0.0,0.02235526234974801,0.017864317807969828
scientsbank,363,clean,correct,correct,0.6399419087173979,0.008652202181354747,0.004944455679949712,0.00960033001134414,0.0,0.022819832050774366,0.00960033001134414
scientsbank,364,clean,correct,incorrect,0.6375368717065376,0.0063652209180725785,0.004420970783465605,0.015581643314337635,0.0,0.024569183218349964,0.015581643314337635
scientsbank,365,clean,incorrect,incorrect,0.6233016634645597,0.007211768206461253,0.004666433001946072,0.01420954371157877,0.0,0.029332884446410194,0.01420954371157877
scientsbank,366,clean,incorrect,correct,0.6082935978982713,0.013019505401931754,0.003306226758870768,0.015938785064844054,0.0,0.034612441589655964,0.015938785064844054
scientsbank,367,clean,correct,correct,0.6458649544429482,0.009635550739674637,0.003053749666450699,0.009986805874664632,0.0,0.024739044619417564,0.009986805874664632
scientsbank,368,clean,incorrect,incorrect,0.627647348473511,0.009529383410005546,0.003984024194348367,0.013501733792453507,0.0,0.026812387287815966,0.013501733792453507
scientsbank,369,clean,incorrect,correct,0.6217426832318853,0.01164012340531977,0.003685483198532477,0.014827697109027885,0.0,0.03727888887565366,0.014827697109027885
scientsbank,370,clean,incorrect,incorrect,0.5904814111453379,0.009374802192013486,0.005459768641990879,0.018161798022295634,0.0,0.04118244562969964,0.018161798022295634
scientsbank,371,clean,correct,incorrect,0.6182798533194419,0.010980097687871246,0.0032442036129875246,0.01732463277797578,0.0,0.03407425301622756,0.01732463277797578
scientsbank,372,clean,incorrect,incorrect,0.5938773169815041,0.015213076795197723,0.005258326795554978,0.019781483392137613,0.0,0.035317817006035715,0.019781483392137613
scientsbank,373,clean,correct,correct,0.6726451976153756,0.006337039168675349,0.007937970992332413,0.014322704079658013,0.0,0.02323033233193967,0.014322704079658013
scientsbank,374,clean,correct,correct,0.6376874231548283,0.010770631203741854,0.0019056558344747916,0.010368448077352823,0.0,0.030994594694583984,0.010368448077352823
scientsbank,375,clean,correct,correct,0.650148748324785,0.006969061193453515,0.003505715324037959,0.013423024073407699,0.0,0.03218936004211714,0.013423024073407699
scientsbank,376,clean,correct,correct,0.6031816647051913,0.010797129439024408,0.00328355498918071,0.011216509466670129,0.0,0.040977241246692914,0.011216509466670129
scientsbank,377,clean,correct,correct,0.6668600214534811,0.008241545622224178,0.0054816037411784795,0.007712918179461739,0.0,0.02536792577176511,0.007712918179461739
scientsbank,378,clean,incorrect,incorrect,0.6270500519248516,0.007556941705094562,0.0038058311632265954,0.017022175472066914,0.0,0.027344061761182002,0.017022175472066914
scientsbank,379,clean,incorrect,incorrect,0.6522782006077918,0.012234406126507915,0.004030374637552459,0.01014065045715488,0.0,0.02361448199725574,0.01014065045715488
scientsbank,380,clean,incorrect,incorrect,0.6031708580828733,0.007741456595123,0.003440991795365069,0.014077760071952996,0.0,0.03345089439319346,0.014077760071952996
scientsbank,381,clean,incorrect,incorrect,0.5770560211582313,0.00795974091900849,0.006505857946748107,0.018964645090498698,0.0,0.04031847670276278,0.018964645090498698
scientsbank,382,clean,incorrect,incorrect,0.6213854413784641,0.007044669183725698,0.00251398080095812,0.01069174657827141,0.0,0.02936035971921892,0.01069174657827141
scientsbank,383,clean,correct,incorrect,0.6248168151489617,0.00862007114176629,0.0039980870892612555,0.013390494303723632,0.0,0.03482862803098053,0.013390494303723632
scientsbank,384,clean,incorrect,incorrect,0.5947809504620416,0.008108486915520479,0.005483457755476224,0.019399780009124012,0.0,0.03708478865621585,0.019399780009124012
scientsbank,385,clean,incorrect,incorrect,0.6436245786593342,0.006732264651536529,0.005548463578790622,0.012461465771918409,0.0,0.02637169504554258,0.012461465771918409
scientsbank,386,clean,incorrect,incorrect,0.584298050209003,0.013515971163096874,0.0038603020203782025,0.017793658269263133,0.0,0.031518805938837754,0.017793658269263133
scientsbank,387,clean,correct,correct,0.5966533124392095,0.00783309357006778,0.006486140595718292,0.022492400021456943,0.0,0.03203728602073691,0.022492400021456943
scientsbank,388,clean,incorrect,incorrect,0.668485202519102,0.015887485312752227,0.004994510640912037,0.007178650789198932,0.0,0.01699824326489548,0.007178650789198932
scientsbank,389,clean,incorrect,correct,0.6394766147822667,0.007231630662528688,0.006154417025742844,0.023584305640780352,0.0,0.02672252448352283,0.023584305640780352
scientsbank,390,clean,incorrect,incorrect,0.6053828304408083,0.010969744287296222,0.00567819876137811,0.021244402432365615,0.0,0.031534615077911776,0.021244402432365615
scientsbank,391,clean,correct,incorrect,0.6506616055225056,0.0042735878611375394,0.0034080722470226474,0.014030765401102912,0.0,0.020541124638160334,0.014030765401102912
scientsbank,392,clean,incorrect,incorrect,0.5805884800280009,0.007600776761319111,0.0062591685875265915,0.01882496887841706,0.0,0.03803918300832378,0.01882496887841706
scientsbank,393,clean,incorrect,incorrect,0.5681789588929883,0.011152971822307541,0.0029402270304601367,0.013695619483869475,0.0,0.037030451789208524,0.013695619483869475
scientsbank,394,clean,incorrect,incorrect,0.6352082220265899,0.00686247139472441,0.004300342534888996,0.01905470360370726,0.0,0.025238824505649404,0.01905470360370726
scientsbank,395,clean,correct,correct,0.6424424709148969,0.005943458175971291,0.005009857126164426,0.011211073999734856,0.0,0.028160018600553706,0.011211073999734856
scientsbank,396,clean,correct,correct,0.623377368424627,0.00910148707047795,0.006493683664838613,0.011428940440093557,0.0,0.03181287820595993,0.011428940440093557
scientsbank,397,clean,correct,incorrect,0.6012525344491078,0.009144728062752003,0.0037443600517120296,0.011340361577730666,0.0,0.03437582863723806,0.011340361577730666
scientsbank,398,clean,incorrect,incorrect,0.6560471628133974,0.008457834180953347,0.003388116020654456,0.011230308363553968,0.0,0.022442975876762927,0.011230308363553968
scientsbank,399,clean,correct,incorrect,0.629463763476727,0.009138108020273648,0.0036082602190828923,0.009514710134543873,0.0,0.03045012049064957,0.009514710134543873
scientsbank,400,clean,incorrect,incorrect,0.6596787080122196,0.007573518230724392,0.0024523227895821976,0.007551922900135973,0.0,0.024816733493874532,0.007551922900135973
scientsbank,401,clean,correct,correct,0.6098879002079102,0.008465761207845129,0.00545035088156011,0.01424264125923497,0.0,0.04289602362089331,0.01424264125923497
scientsbank,402,clean,incorrect,incorrect,0.646275739684941,0.01066316391609964,0.0053849300012805915,0.015775744399141704,0.0,0.02332705847363252,0.015775744399141704
scientsbank,403,clean,correct,incorrect,0.6294777041436008,0.00650054777289017,0.0059006400444122165,0.016569832354356925,0.0,0.021192930801595754,0.016569832354356925
scientsbank,404,clean,incorrect,incorrect,0.6142228274365183,0.006449506953389589,0.0031177943039172756,0.020860258198489155,0.0,0.028938358665585945,0.020860258198489155
scientsbank,405,clean,incorrect,incorrect,0.6172908828947307,0.013060049063897442,0.003931494400722473,0.015623093814356325,0.0,0.03205401589423547,0.015623093814356325
scientsbank,406,clean,incorrect,incorrect,0.6436598955463793,0.010565522167573836,0.003779451268123205,0.010275234422225667,0.0,0.026207748707892366,0.010275234422225667
scientsbank,407,clean,incorrect,incorrect,0.6041339827805151,0.008421826541293252,0.011497973363145586,0.020180724668767695,0.0,0.035427599248407944,0.020180724668767695
scientsbank,408,clean,incorrect,incorrect,0.6423030702140923,0.012413731583718243,0.00525049100742954,0.013583753780867519,0.0,0.02567537447329026,0.013583753780867519
scientsbank,409,clean,incorrect,incorrect,0.6300844497844307,0.005934141980779976,0.006174572223621064,0.014484345831958532,0.0,0.029907095303467045,0.014484345831958532
scientsbank,410,clean,incorrect,incorrect,0.6324935882291052,0.011656129142852613,0.005361534547372165,0.009772428877114943,0.0,0.02700314038441752,0.009772428877114943
scientsbank,411,clean,correct,incorrect,0.6782971405875772,0.015606000605157282,0.005855046611253508,0.006151948787305859,0.0,0.01511454373315562,0.006151948787305859
scientsbank,412,clean,correct,correct,0.602251927529659,0.008014704127181152,0.00573890626118922,0.01949633590337288,0.0,0.026200081159143532,0.01949633590337288
scientsbank,413,clean,correct,correct,0.6101074525574965,0.008521656174666103,0.005368819526165259,0.016749117415197596,0.0,0.03611837870980764,0.016749117415197596
scientsbank,414,clean,incorrect,incorrect,0.5537621943825032,0.014256060562415759,0.005753732149577137,0.023081655114291052,0.0,0.03628397291940095,0.023081655114291052
scientsbank,415,clean,correct,incorrect,0.6349796212332457,0.008390038842960013,0.0024195847103578934,0.012383411308157516,0.0,0.028587150530376484,0.012383411308157516
scientsbank,416,clean,incorrect,incorrect,0.6314227405881034,0.011589958972888979,0.002785342131068367,0.011555709050368986,0.0,0.03186412303908751,0.011555709050368986
scientsbank,417,clean,correct,incorrect,0.6190589225882828,0.004577967981485276,0.0041820266067603955,0.023200307467643608,0.0,0.026924965835771114,0.023200307467643608
scientsbank,418,clean,incorrect,incorrect,0.6420942554802721,0.007407160171240722,0.003614017789102167,0.014689171960146689,0.0,0.03095272967668787,0.014689171960146689
scientsbank,419,clean,incorrect,incorrect,0.6032494974803873,0.01148526708611458,0.0039953219558236455,0.011515773474247773,0.0,0.03122325840462933,0.011515773474247773
scientsbank,420,clean,incorrect,incorrect,0.6010858808421604,0.015211418359855107,0.00614786329077154,0.017457661295852148,0.0,0.03513664376223095,0.017457661295852148
scientsbank,421,clean,incorrect,incorrect,0.6375680741048093,0.008729625379068942,0.004785808639546291,0.019861201075140576,0.0,0.024681289283135666,0.019861201075140576
scientsbank,422,clean,correct,incorrect,0.6020872208752593,0.017602398591646053,0.003387065743978035,0.01286665531845526,0.0,0.025411096107930905,0.01286665531845526
scientsbank,423,clean,incorrect,incorrect,0.6626718482920751,0.005530938650838971,0.006922074467831563,0.01075919741687743,0.0,0.022315372420190226,0.01075919741687743
scientsbank,424,clean,incorrect,incorrect,0.613112511077089,0.004079964348531443,0.004865763481842623,0.01993739085875106,0.0,0.029930850866873363,0.01993739085875106
scientsbank,425,clean,incorrect,incorrect,0.6439551046466387,0.008038559721247444,0.005437829941106466,0.010653474108205425,0.0,0.021390863873546734,0.010653474108205425
scientsbank,426,clean,correct,incorrect,0.6181529513044861,0.006652492259159721,0.0037991766384723965,0.020229221122306528,0.0,0.02897080762538469,0.020229221122306528
scientsbank,427,clean,incorrect,incorrect,0.6197435427166799,0.01153569489038577,0.0065831658076010635,0.020042111681704285,0.0,0.02759172629312398,0.020042111681704285
scientsbank,428,clean,incorrect,incorrect,0.5566044902631697,0.023236635464175173,0.007030906292228818,0.01684316779686304,0.0,0.03765908685157912,0.01684316779686304
scientsbank,429,clean,incorrect,incorrect,0.6276105658106828,0.009001194292913427,0.004764358311236029,0.012454330491085653,0.0,0.02799625933835654,0.012454330491085653
scientsbank,430,clean,correct,incorrect,0.6329404671618254,0.012978584097052224,0.002336583619250065,0.005805117487499397,0.0,0.026476673782066213,0.005805117487499397
scientsbank,431,clean,correct,incorrect,0.6334369207714081,0.006382430709664532,0.0031952654228451175,0.013997035052415474,0.0,0.033803297071029526,0.013997035052415474
scientsbank,432,clean,incorrect,incorrect,0.6298875743251472,0.011874370746256623,0.0037679186358583953,0.012835971254084744,0.0,0.02906891378861416,0.012835971254084744
scientsbank,433,clean,incorrect,incorrect,0.6370779489618844,0.007491278705041555,0.0054485922724077105,0.017110950965764527,0.0,0.03158593174713256,0.017110950965764527
scientsbank,434,clean,incorrect,incorrect,0.652741869156175,0.007922742958988668,0.0048835923783627005,0.011569009401784337,0.0,0.019945779791815207,0.011569009401784337
scientsbank,435,clean,incorrect,incorrect,0.5811628807115178,0.00986927345907398,0.007970603248858192,0.03195864567639501,0.0,0.03611904423990925,0.03195864567639501
scientsbank,436,clean,incorrect,incorrect,0.651119311542643,0.009324317700926576,0.0033765936510129274,0.010028530902965975,0.0,0.019141990598670174,0.010028530902965975
scientsbank,437,clean,incorrect,incorrect,0.6797894397419721,0.004782479626338767,0.005275712405125405,0.008066119291857844,0.0,0.021007649154389622,0.008066119291857844
scientsbank,438,clean,correct,incorrect,0.616052566352314,0.014166748224778246,0.004389543938357912,0.01984509895714229,0.0,0.03171860980182958,0.01984509895714229
scientsbank,439,clean,correct,correct,0.6237218267747178,0.008819086750946047,0.003324087965287365,0.015963252851377143,0.0,0.03642857032145051,0.015963252851377143
scientsbank,440,clean,incorrect,incorrect,0.5814518807965109,0.010121167988558909,0.0056069939520373485,0.01763397689476688,0.0,0.03815351364504107,0.01763397689476688
scientsbank,441,clean,correct,correct,0.6355419954871154,0.009729698182330108,0.0027179486522198046,0.013590220177865512,0.0,0.027073611000037526,0.013590220177865512
scientsbank,442,clean,correct,correct,0.647385696534628,0.00859514993588031,0.003305111609508526,0.012901904444793347,0.0,0.021393814348433203,0.012901904444793347
scientsbank,443,clean,incorrect,incorrect,0.6389833823872214,0.010912886800255966,0.0030702165926982184,0.009591569950885998,0.0,0.026618701674658997,0.009591569950885998
scientsbank,444,clean,correct,correct,0.6459446181544239,0.010586936770761328,0.0028001332373451386,0.012482285760676597,0.0,0.02631509199465618,0.012482285760676597
scientsbank,445,clean,incorrect,incorrect,0.6484691591096279,0.0141046591607321,0.005205071068288884,0.01589974128612649,0.0,0.02156814581560865,0.01589974128612649
scientsbank,446,clean,correct,correct,0.6749871848752363,0.010551224948884429,0.006902291694668045,0.00842176155646171,0.0,0.02245548743888273,0.00842176155646171
scientsbank,447,clean,correct,correct,0.6236066683563136,0.010917690865802304,0.0048116716539915285,0.011909383010544686,0.0,0.028129993246986167,0.011909383010544686
scientsbank,448,clean,incorrect,incorrect,0.6557686225704921,0.008690666780120811,0.004558000406411786,0.010453648973869745,0.0,0.0240986122792888,0.010453648973869745
scientsbank,449,clean,incorrect,incorrect,0.6489461930343238,0.009678642072381565,0.004448023304635881,0.00932433372142507,0.0,0.025793063867570597,0.00932433372142507
scientsbank,450,clean,incorrect,incorrect,0.6203887241755912,0.009007486429073808,0.0040604361078278505,0.01916190804566111,0.0,0.03686944516474909,0.01916190804566111
scientsbank,451,clean,incorrect,incorrect,0.6269412594351615,0.01003074208615294,0.002993916353850205,0.013800001110361384,0.0,0.03459933833206885,0.013800001110361384
scientsbank,452,clean,incorrect,incorrect,0.6231392247962808,0.008351895222839373,0.004112466307454609,0.014729811393374927,0.0,0.027994568602905133,0.014729811393374927
scientsbank,453,clean,correct,correct,0.6278700178587496,0.007145287512759442,0.005199714689045024,0.02458155287101597,0.0,0.026100827747384203,0.02458155287101597
scientsbank,454,clean,correct,correct,0.6475923104750542,0.01689088663458021,0.002003784224025907,0.007351986561590524,0.0,0.027229296732399738,0.007351986561590524
scientsbank,455,clean,correct,incorrect,0.6195304077497631,0.01805984461843824,0.003283304247488369,0.010993052702978073,0.0,0.024478666222112238,0.010993052702978073
scientsbank,456,clean,incorrect,incorrect,0.5868794742848478,0.013488479149727261,0.004757700209435893,0.016966668909123014,0.0,0.040375411612094125,0.016966668909123014
scientsbank,457,clean,incorrect,correct,0.6370267446531742,0.007785531666185468,0.005016055199233147,0.01216561889638807,0.0,0.02462466070742669,0.01216561889638807
scientsbank,458,clean,incorrect,incorrect,0.6181998798913657,0.009609584940852399,0.0030361588510012688,0.012764850924725603,0.0,0.027645254367649023,0.012764850924725603
scientsbank,459,clean,correct,incorrect,0.6382043423913795,0.0055411691317647635,0.003362158071585934,0.015437977648993604,0.0,0.020754574017038462,0.015437977648993604
scientsbank,460,clean,correct,incorrect,0.6213601713458822,0.0074864742328196315,0.005709698991545157,0.014351721755373718,0.0,0.028466603811829905,0.014351721755373718
scientsbank,461,clean,incorrect,incorrect,0.6744884709160323,0.009475677961665268,0.004122773054877459,0.0063701235962396975,0.0,0.020277670924155687,0.0063701235962396975
scientsbank,462,clean,incorrect,incorrect,0.6134649569845898,0.016295009453318524,0.0061513050909902355,0.01568642288580566,0.0,0.028981808496784636,0.01568642288580566
scientsbank,463,clean,incorrect,incorrect,0.6411002764550298,0.007997726190506033,0.002633837288685112,0.013287604073518726,0.0,0.024737824918817673,0.013287604073518726
scientsbank,464,clean,correct,incorrect,0.6668976737950431,0.010823793714316937,0.0034478485731851186,0.012259282560136251,0.0,0.019797539818870905,0.012259282560136251
scientsbank,465,clean,incorrect,incorrect,0.6233093044570679,0.010447403111182373,0.005631462619758222,0.010303739703824663,0.0,0.03311834648421334,0.010303739703824663
scientsbank,466,clean,correct,correct,0.6011434377760807,0.013138428570508337,0.005880734813907154,0.01727741708602898,0.0,0.031179417881451506,0.01727741708602898
scientsbank,467,clean,incorrect,incorrect,0.6326972713891805,0.015093089664276301,0.0038006569055777433,0.011874010108873928,0.0,0.02678930940553404,0.011874010108873928
scientsbank,468,clean,incorrect,correct,0.6109550470512718,0.013718822923657474,0.00745044806262889,0.01898186313078265,0.0,0.041871532422787947,0.01898186313078265
scientsbank,469,clean,incorrect,incorrect,0.6454778078635183,0.009890524852382808,0.004272805970669067,0.014866082408000013,0.0,0.03344963959530478,0.014866082408000013
scientsbank,470,clean,correct,incorrect,0.609608286589479,0.008760813973424443,0.004852535250764841,0.016703145244888844,0.0,0.027761713625503788,0.016703145244888844
scientsbank,471,clean,incorrect,incorrect,0.5874669038612504,0.012311951419706528,0.004890796827492631,0.013468531384312164,0.0,0.04001925268323988,0.013468531384312164
scientsbank,472,clean,correct,correct,0.6458880832435198,0.01042897711004612,0.004389705607636186,0.010163275620872398,0.0,0.02677918251773583,0.010163275620872398
scientsbank,473,clean,incorrect,incorrect,0.617143799180693,0.01293581009958534,0.003739529456738024,0.012318506029751528,0.0,0.029914329797010905,0.012318506029751528
scientsbank,474,clean,correct,incorrect,0.6521399319872012,0.009698079326628068,0.0026453863215628757,0.010882238724697079,0.0,0.023780555360495934,0.010882238724697079
scientsbank,475,clean,correct,incorrect,0.6380298631842801,0.0071030275678989575,0.005642760479066938,0.016198923932035675,0.0,0.03201579777133466,0.016198923932035675
scientsbank,476,clean,incorrect,incorrect,0.6701396198852454,0.006243015340699697,0.004629652161167681,0.012644396153856834,0.0,0.017396793499276503,0.012644396153856834
scientsbank,477,clean,correct,correct,0.6383631239740735,0.007157717393908954,0.004219286042725278,0.017100316172256835,0.0,0.033021826388634726,0.017100316172256835
scientsbank,478,clean,correct,incorrect,0.6203751102294675,0.011778401338954487,0.004056957203388744,0.0166697901703191,0.0,0.02481280295028883,0.0166697901703191
scientsbank,479,clean,incorrect,incorrect,0.6297399252200924,0.008694399483767426,0.004005088510193986,0.014774538161742951,0.0,0.03683347987306108,0.014774538161742951
scientsbank,480,clean,incorrect,incorrect,0.6267927890690745,0.011116556379167222,0.004350582776541785,0.013333252427675399,0.0,0.032545014777775355,0.013333252427675399
scientsbank,481,clean,incorrect,incorrect,0.5909018612625494,0.019389029138254216,0.0054556193800144905,0.017392966924555296,0.0,0.0354932827917261,0.017392966924555296
scientsbank,482,clean,correct,correct,0.6436070453578766,0.007305220587164105,0.002667169149106649,0.008316753084571091,0.0,0.02823072446074487,0.008316753084571091
scientsbank,483,clean,correct,correct,0.6379200040377772,0.009606554808996052,0.002722465915975005,0.013431022201097454,0.0,0.03136950763521627,0.013431022201097454
scientsbank,484,clean,correct,correct,0.6366588794588521,0.008022185344687533,0.002670444908212399,0.010652208712272857,0.0,0.027029729208468134,0.010652208712272857
scientsbank,485,clean,correct,correct,0.6550407966471079,0.010077882757733999,0.003938004607214638,0.008184553905303826,0.0,0.02593685896788159,0.008184553905303826
scientsbank,486,clean,incorrect,correct,0.6109555185387087,0.010794364908219627,0.0037127948995078317,0.012166634853763913,0.0,0.03214978026479882,0.012166634853763913
scientsbank,487,clean,correct,correct,0.6544551903463846,0.012085121189838876,0.003022264418135817,0.00909828511604259,0.0,0.024277362424179095,0.00909828511604259
scientsbank,488,clean,incorrect,correct,0.6596693674590869,0.010136502180529748,0.0029952694893946273,0.010453251125101898,0.0,0.022364297731144997,0.010453251125101898
scientsbank,489,clean,incorrect,incorrect,0.5859615907675007,0.012729727590961788,0.00576208259354782,0.02253309199026748,0.0,0.0375704196395991,0.02253309199026748
scientsbank,490,clean,incorrect,incorrect,0.6070802174975015,0.00722548639566318,0.007039274825299826,0.043153337767794765,0.0,0.026631119355349866,0.043153337767794765
scientsbank,491,clean,incorrect,incorrect,0.6043629574460343,0.012073021983452803,0.002208832398095172,0.011606818399807919,0.0,0.030186659651770968,0.011606818399807919
scientsbank,492,clean,correct,incorrect,0.5952085843489108,0.012790543931719689,0.004316382257291073,0.014700217527372779,0.0,0.03571783660359769,0.014700217527372779
scientsbank,493,clean,correct,incorrect,0.6540835774498034,0.005294423846343888,0.0038293227551731393,0.01261486366630642,0.0,0.021664234813797208,0.01261486366630642
scientsbank,494,clean,incorrect,incorrect,0.6221622603418859,0.011444633355466692,0.00584749421604738,0.019929312208383083,0.0,0.027014527621537443,0.019929312208383083
scientsbank,495,clean,correct,correct,0.6766157645500692,0.009078205803115226,0.0030473381942740627,0.009111762730193968,0.0,0.019033417577993803,0.009111762730193968
scientsbank,496,clean,correct,correct,0.6374332185981155,0.009933878640029977,0.0033535838610103405,0.0070847306288859685,0.0,0.030445451633316592,0.0070847306288859685
scientsbank,497,clean,incorrect,incorrect,0.6581852752288707,0.006834717372250339,0.005181362603403269,0.011386781584307315,0.0,0.02272966140406194,0.011386781584307315
scientsbank,498,clean,correct,correct,0.6675510556710023,0.009599407815743402,0.0028413217911882217,0.016105429572725455,0.0,0.022993597913060344,0.016105429572725455
scientsbank,499,clean,incorrect,incorrect,0.6230666548880994,0.011362860103167373,0.002967054465263181,0.011981711747702137,0.0,0.02960378354283804,0.011981711747702137
scientsbank,0,attacked,correct,incorrect,0.6420519727590169,0.007633471446487533,0.0018523173136124308,0.002894387193970854,0.019034206491528597,0.01672645987120102,0.021928593685499452
scientsbank,1,attacked,incorrect,incorrect,0.630130541585683,0.006757056157474022,0.0024938546429111885,0.0028884760864063305,0.03839437325240568,0.01878894930965732,0.04128284933881201
scientsbank,2,attacked,correct,incorrect,0.6241670876621814,0.006525356124135948,0.002211364077218578,0.0016422245385154534,0.030777077119894584,0.021113363756839653,0.03241930165841004
scientsbank,3,attacked,correct,incorrect,0.6099592559079232,0.009741707457001215,0.003552376460255193,0.0013403753158286189,0.03390271240434894,0.01962828810073818,0.035243087720177556
scientsbank,4,attacked,incorrect,incorrect,0.6420999879766403,0.007649825398998801,0.0014461413390350804,0.0010863346975505072,0.019892609997200113,0.02427896054507964,0.02097894469475062
scientsbank,5,attacked,incorrect,incorrect,0.6048714545155744,0.008198733221577756,0.0020613644500751004,0.0034938542130566294,0.03179464547651397,0.02049015811412687,0.0352884996895706
scientsbank,6,attacked,correct,incorrect,0.5748981803402776,0.008128950011020776,0.0032473379219915004,0.003460395319779582,0.037245960258062795,0.02370990424064952,0.04070635557784238
scientsbank,7,attacked,incorrect,incorrect,0.6571588195551066,0.0037298200376710633,0.002518446859966311,0.004951861321993855,0.018128103784816583,0.014192241989200454,0.023079965106810436
scientsbank,8,attacked,incorrect,incorrect,0.5966381749888595,0.011619897027819737,0.00444236227324971,0.005418409800117521,0.0465381938451353,0.020667335867912206,0.05195660364525282
scientsbank,9,attacked,correct,incorrect,0.6134283157678916,0.008907177276110175,0.0031143160755856083,0.002851020434277117,0.0314145504765538,0.019136308165408462,0.03426557091083092
scientsbank,10,attacked,incorrect,incorrect,0.6011122527574642,0.007705829896057026,0.003735192286949463,0.003425872420389529,0.04521980015327181,0.018942386404557796,0.04864567257366134
scientsbank,11,attacked,incorrect,incorrect,0.6443881929099812,0.005287792646497884,0.0017914574004440958,0.002040463062281885,0.02246989884681638,0.01911142305722068,0.024510361909098263
scientsbank,12,attacked,correct,incorrect,0.6005161115607665,0.008674576341412143,0.002234764013350076,0.002226644545894006,0.03581807545098716,0.019838247073842435,0.038044719996881166
scientsbank,13,attacked,correct,incorrect,0.5655584836191331,0.01177207859379789,0.003186365472795386,0.00363008789522789,0.02801194392571081,0.02209175265799293,0.0316420318209387
scientsbank,14,attacked,correct,incorrect,0.6123668478183787,0.004436383082945249,0.0029336216154237887,0.003763950475875958,0.03703515147425325,0.014921076507273963,0.04079910195012921
scientsbank,15,attacked,incorrect,incorrect,0.5859131415705173,0.009669174696562952,0.003494921893976031,0.0026291439016963717,0.029063072319893947,0.01931374733513695,0.03169221622159032
scientsbank,16,attacked,incorrect,incorrect,0.5999354197146015,0.008603205092995074,0.0019731622499977786,0.001719993933502673,0.030895003375875748,0.02105406166369097,0.03261499730937842
scientsbank,17,attacked,incorrect,incorrect,0.6630509268568203,0.009488603824493387,0.001862371952983695,0.002909002092544716,0.021181380192214532,0.01827261662066789,0.024090382284759248
scientsbank,18,attacked,correct,incorrect,0.5862961257239581,0.008099005958686444,0.002761545094543382,0.003317093322843217,0.027858391649770727,0.02229338228032779,0.031175484972613944
scientsbank,19,attacked,incorrect,incorrect,0.6331560971718988,0.006967744094044799,0.002588131898595703,0.0019357666039036168,0.03376837297920754,0.01637323969958575,0.03570413958311116
scientsbank,20,attacked,correct,incorrect,0.6616056538691428,0.010572631659197598,0.004072531289721199,0.0032106306328506615,0.014040143452434048,0.014296077977083857,0.01725077408528471
scientsbank,21,attacked,incorrect,incorrect,0.6186365938615959,0.008151437246128986,0.0027671949867809583,0.005793963341512971,0.03493071668296194,0.018273965103754185,0.04072468002447491
scientsbank,22,attacked,correct,incorrect,0.5510995268589368,0.010816440851824368,0.004953894865739735,0.004305454344333956,0.04508139686723365,0.02354220528303803,0.049386851211567606
scientsbank,23,attacked,correct,incorrect,0.617794162068918,0.0046070386226385275,0.0038234605215003185,0.005430677929190985,0.035911055300976796,0.017565884735923628,0.04134173323016778
scientsbank,24,attacked,correct,incorrect,0.5915309276609371,0.005790803431567378,0.003519599018557326,0.002964148534197301,0.03477124793778145,0.01791917070504624,0.03773539647197875
scientsbank,25,attacked,correct,incorrect,0.5966835109021666,0.009748319074403376,0.0023988010287798885,0.003612749849270009,0.02853304421158675,0.01840813865632799,0.032145794060856756
scientsbank,26,attacked,incorrect,incorrect,0.6036775125480194,0.009436050940412001,0.002054073876417475,0.0032184942973034615,0.03916454862161852,0.02140129363483363,0.04238304291892198
scientsbank,27,attacked,incorrect,incorrect,0.629039228979856,0.006288532856010025,0.0016775787170002353,0.0014514983064410744,0.020574749760528144,0.020626554881004743,0.022026248066969217
scientsbank,28,attacked,incorrect,incorrect,0.642578915620681,0.006637540439584913,0.0017097019871295978,0.0012361874217334372,0.024113753061439588,0.019588449626851228,0.025349940483173024
scientsbank,29,attacked,correct,incorrect,0.5908498071550942,0.004679669645957725,0.0031321863522041915,0.006193273410307465,0.04789801975343576,0.01687295999602989,0.054091293163743226
scientsbank,30,attacked,correct,incorrect,0.605629596837824,0.005819361744959399,0.004923011165503812,0.0040185509746321815,0.04220003262926005,0.02054689311245932,0.046218583603892235
scientsbank,31,attacked,incorrect,incorrect,0.6572202795522948,0.010535715958931166,0.0021103421266841483,0.002981693796638576,0.02137962780989279,0.01696676873616468,0.024361321606531365
scientsbank,32,attacked,incorrect,incorrect,0.6161566087723762,0.005294789085165737,0.002173216552812943,0.003515252199399347,0.03771656028523557,0.01732285799292079,0.041231812484634915
scientsbank,33,attacked,correct,incorrect,0.6298160996081532,0.01398938259894198,0.0012316929086785503,0.0021756249402036074,0.016856201828881732,0.020585162847252206,0.01903182676908534
scientsbank,34,attacked,incorrect,incorrect,0.6247606937826997,0.00812375157710827,0.0025860012729596632,0.006461782311729821,0.031510612798678346,0.01831554070694413,0.03797239511040817
scientsbank,35,attacked,correct,correct,0.6864762160760788,0.010774199142318511,0.003692901598023325,0.0033567690511950832,0.012002734267179453,0.011706358692975975,0.015359503318374537
scientsbank,36,attacked,incorrect,incorrect,0.6392146519553326,0.004080466202908767,0.004746929648037761,0.004653931979528606,0.02867805183578112,0.014281393559941225,0.033331983815309725
scientsbank,37,attacked,incorrect,incorrect,0.5878792818254672,0.006731951631777092,0.0028826879859036284,0.005434366703637113,0.033892822999972864,0.02141336846702405,0.039327189703609974
scientsbank,38,attacked,incorrect,incorrect,0.6176452984636474,0.008952414608074968,0.002148951866807949,0.00324813251177636,0.030665349798128492,0.01852256635169353,0.033913482309904854
scientsbank,39,attacked,incorrect,incorrect,0.6162978803314868,0.004330957558402135,0.0026997929547454827,0.0035569343488994166,0.044147425938184603,0.013657103669453507,0.04770436028708402
scientsbank,40,attacked,incorrect,incorrect,0.6137194996798511,0.004814954958400889,0.0024375054105387197,0.0037406223038537094,0.034070977807750105,0.01999574246830668,0.03781160011160382
scientsbank,41,attacked,incorrect,incorrect,0.551732160819983,0.010127478076827554,0.00646712289219443,0.0014921010810831036,0.03366576914914358,0.02321724546626497,0.03515787023022668
scientsbank,42,attacked,incorrect,incorrect,0.6190125114846821,0.004288249857133771,0.0064476202023686134,0.0023020579168615022,0.04387583275110928,0.019171111459955887,0.04617789066797078
scientsbank,43,attacked,incorrect,incorrect,0.6155416143743321,0.008371459014056882,0.004663887576389593,0.0036025053148031794,0.034818579573918755,0.019616154857458806,0.03842108488872194
scientsbank,44,attacked,incorrect,incorrect,0.594748261931571,0.011036319945368685,0.0011486510508343707,0.0027134316057516542,0.03813788727901173,0.02444856279033921,0.040851318884763385
scientsbank,45,attacked,incorrect,incorrect,0.6400234319589189,0.00753167979568972,0.0014492102784386732,0.0012334617503934357,0.018523143514460678,0.024076105352867,0.019756605264854114
scientsbank,46,attacked,correct,incorrect,0.6051741872648242,0.010526607166100932,0.002449138169058261,0.0026053900615900325,0.029994642473009786,0.019313735073217823,0.03260003253459982
scientsbank,47,attacked,incorrect,incorrect,0.6104658134861987,0.007932256156060169,0.004721541359784981,0.003044035742775289,0.03501498310752439,0.023727477604511264,0.03805901885029968
scientsbank,48,attacked,correct,incorrect,0.6058200785927725,0.009131837351795806,0.0033074987941286347,0.002019485878917419,0.03437421757078604,0.020497471421467652,0.03639370344970346
scientsbank,49,attacked,incorrect,incorrect,0.6224356495021363,0.008789184867128574,0.0018293539432743871,0.0039240012204448515,0.0274235939975652,0.01856814549393243,0.03134759521801005
scientsbank,50,attacked,incorrect,incorrect,0.6169914671026456,0.00650077560147771,0.0039025270373072266,0.002610821215174725,0.030535215369809632,0.020943772304165914,0.033146036584984356
scientsbank,51,attacked,correct,incorrect,0.601159541060513,0.006917848828975453,0.0030524731876649305,0.0033342252497303732,0.023827389852180154,0.017688298947294904,0.02716161510191053
scientsbank,52,attacked,incorrect,incorrect,0.6232909675525942,0.005546950295097541,0.002899141161026391,0.0038658394886132465,0.03823203657095602,0.016466778418805596,0.04209787605956927
scientsbank,53,attacked,incorrect,incorrect,0.6206996245484026,0.008515030372564656,0.0024370262562485125,0.0025590088614931977,0.028643711875773487,0.021526229766232332,0.031202720737266685
scientsbank,54,attacked,incorrect,incorrect,0.6047498913410694,0.010051457722437289,0.0029209165640079185,0.0014715149093404243,0.033858671149557845,0.01844781879862681,0.03533018605889827
scientsbank,55,attacked,incorrect,incorrect,0.5710219108129679,0.005023040707884592,0.0019957739568465544,0.003350204625722756,0.03851208595741478,0.019832142677590932,0.041862290583137535
scientsbank,56,attacked,incorrect,incorrect,0.6314149318624963,0.003145299865376953,0.002003177131271021,0.00499521026591986,0.03579872924863811,0.016861244314635773,0.040793939514557974
scientsbank,57,attacked,correct,incorrect,0.6409987855358366,0.00733211515749151,0.002113540004656442,0.0024040943658912672,0.02322836930329843,0.01354688095065714,0.025632463669189698
scientsbank,58,attacked,incorrect,incorrect,0.6211638286264988,0.006873218364096955,0.002207953392688138,0.003614619906240129,0.03648169916724507,0.021792712357875527,0.0400963190734852
scientsbank,59,attacked,incorrect,incorrect,0.6127666383290592,0.01086743229102071,0.002350226696395409,0.003060140165348645,0.03290769776627566,0.015878822544877873,0.03596783793162431
scientsbank,60,attacked,correct,correct,0.6367518219283461,0.009759095965080705,0.002014468999737904,0.0029816291237152424,0.024016436108111588,0.016856321686511296,0.02699806523182683
scientsbank,61,attacked,correct,correct,0.56714409516286,0.0103364424056279,0.004746321334054125,0.006093824244214861,0.042311782243482005,0.018826867855276923,0.048405606487696866
scientsbank,62,attacked,incorrect,incorrect,0.6033437000738188,0.007502780872272799,0.002788205262177025,0.003951229301147035,0.026183899211578446,0.018696142024861338,0.03013512851272548
scientsbank,63,attacked,incorrect,incorrect,0.6217296394194506,0.010758922688615653,0.002658158333934569,0.0028471749763431062,0.0226452670411621,0.013501393177870623,0.02549244201750521
scientsbank,64,attacked,incorrect,incorrect,0.5915401822969957,0.011319481537850635,0.002853897360578472,0.002263370997284862,0.02596871395207403,0.02098948877996925,0.028232084949358895
scientsbank,65,attacked,incorrect,incorrect,0.6117267091945131,0.00738773353355791,0.002597060004524611,0.0036101483426077526,0.02058996206553626,0.019768042721678813,0.024200110408144012
scientsbank,66,attacked,incorrect,incorrect,0.5823215341222371,0.007611771055127919,0.003424867658899209,0.0052719993545950845,0.04126155195196527,0.01871435746285508,0.04653355130656035
scientsbank,67,attacked,correct,incorrect,0.6011486805076608,0.010385335516640965,0.0023259737108937474,0.0019318338293860728,0.023940003946167597,0.022951196875016764,0.02587183777555367
scientsbank,68,attacked,correct,incorrect,0.6294941017196289,0.006102228763149968,0.0022522879860242886,0.0026842662485161537,0.03307634218596063,0.016315156956914365,0.03576060843447679
scientsbank,69,attacked,incorrect,incorrect,0.6189789331121837,0.008288815039765168,0.0020087226819562195,0.002286273410139074,0.023772231801394914,0.019909193420401053,0.026058505211533987
scientsbank,70,attacked,incorrect,incorrect,0.6321494128811224,0.011419657439503846,0.0028067494044172127,0.004861469386637634,0.022282689040814447,0.01706381480822161,0.027144158427452082
scientsbank,71,attacked,incorrect,incorrect,0.5581532892728448,0.0134869228210264,0.006182687225369953,0.0061776856293249294,0.056503745034352924,0.017986692062866013,0.06268143066367786
scientsbank,72,attacked,incorrect,incorrect,0.6190655106288628,0.008957079222619872,0.0024025319026705354,0.00312276731934775,0.031523343769758155,0.01712363872557881,0.034646111089105903
scientsbank,73,attacked,incorrect,incorrect,0.61975711032062,0.006652647722905529,0.0021918687144700127,0.004362986291428856,0.03447527200835532,0.021317858232164085,0.03883825829978417
scientsbank,74,attacked,correct,incorrect,0.5444578301019719,0.01897776500319095,0.007432459210757824,0.006537391169656515,0.04459880480724787,0.024834654342796587,0.051136195976904386
scientsbank,75,attacked,incorrect,incorrect,0.6215482585002535,0.0071597255907008845,0.0027867330923214764,0.00264035129249829,0.04068723217803076,0.016175605752959572,0.04332758347052905
scientsbank,76,attacked,correct,incorrect,0.6311522863065567,0.009006521413359642,0.0026660532715109793,0.002141324052038844,0.029523969940460804,0.020995839570324793,0.03166529399249965
scientsbank,77,attacked,correct,incorrect,0.5997514129523823,0.011118237754377982,0.0010080554601843972,0.002624371013907822,0.02959627985651868,0.021855480043280227,0.0322206508704265
scientsbank,78,attacked,incorrect,incorrect,0.5938149873268385,0.008615820117580828,0.00408247572992479,0.0040300629929626375,0.04114638091242475,0.018799972268897354,0.04517644390538739
scientsbank,79,attacked,incorrect,incorrect,0.5901153423759061,0.008554035219511823,0.0026700153675435954,0.0039995414523282015,0.030423589370083243,0.021667092483631467,0.03442313082241144
scientsbank,80,attacked,incorrect,incorrect,0.6149872335301354,0.004658827426694237,0.005863842249316579,0.0034749928784302228,0.03689413408731937,0.01498706694370783,0.04036912696574959
scientsbank,81,attacked,correct,correct,0.5802984715738329,0.009007656570672599,0.004483174401248222,0.0032910310195409884,0.04581454701636166,0.016876935426152963,0.049105578035902646
scientsbank,82,attacked,correct,incorrect,0.6079520225827175,0.008227147738175683,0.002405421178981507,0.0028563668076097954,0.029911434135361122,0.021778066861294937,0.032767800942970916
scientsbank,83,attacked,incorrect,incorrect,0.5996860854098655,0.012532511497261888,0.002000606688625911,0.002949190751138554,0.024905575070448157,0.020638138477662007,0.027854765821586712
scientsbank,84,attacked,incorrect,incorrect,0.5921330175361447,0.008629704762397635,0.003348175657861122,0.003243537702945448,0.02859244063042815,0.0208473207711447,0.0318359783333736
scientsbank,85,attacked,correct,incorrect,0.5611343401393074,0.007075368711608573,0.0028390239083609468,0.006222563916812638,0.040843957004703314,0.015591963209609826,0.047066520921515954
scientsbank,86,attacked,correct,incorrect,0.5818732867463173,0.009493996830657825,0.0037950695190696647,0.002592532789649698,0.036495891761815544,0.015090059553895294,0.039088424551465245
scientsbank,87,attacked,correct,incorrect,0.6146543166105036,0.009905679284975218,0.0023276861445279155,0.0026046637234018325,0.03161030496276069,0.01760431287518635,0.03421496868616252
scientsbank,88,attacked,incorrect,incorrect,0.6227520854671913,0.004681272460819999,0.004773286472933071,0.004922034513240215,0.04281130697262994,0.015996135411491252,0.047733341485870155
scientsbank,89,attacked,correct,incorrect,0.6272100739882144,0.004166355518888876,0.0038245739407612315,0.004431736061794395,0.02925041004566509,0.019010291231344893,0.03368214610745948
scientsbank,90,attacked,correct,incorrect,0.5961688312853733,0.014015992295056248,0.0019189675728066597,0.0024447920930671867,0.020787286235126,0.028322317055936155,0.023232078328193188
scientsbank,91,attacked,incorrect,incorrect,0.6449300516935532,0.0068604630312130216,0.0017987566929875477,0.0013249105402412089,0.02472435575778181,0.01846868102713213,0.026049266298023017
scientsbank,92,attacked,correct,incorrect,0.5979221312394566,0.00759768159497583,0.0013599412824651356,0.0022374995379743946,0.024587118878019253,0.01823071877423959,0.026824618415993647
scientsbank,93,attacked,incorrect,incorrect,0.6213332083252973,0.007924466432427307,0.002693344143038383,0.0042915393633132905,0.028940867431238342,0.019752538819218988,0.03323240679455163
scientsbank,94,attacked,correct,correct,0.5478618246020517,0.012339367820401933,0.005967587993115823,0.00608948239399651,0.051159460969627105,0.01938120974002924,0.057248943363623614
scientsbank,95,attacked,incorrect,incorrect,0.6334890342753492,0.008739688675068004,0.0025575048881401005,0.002855951857219543,0.02834056226314193,0.01592478755585617,0.031196514120361476
scientsbank,96,attacked,incorrect,incorrect,0.668181268900865,0.012507707271586748,0.005291253298501071,0.0019648765234938576,0.01674380308001771,0.01480914444444874,0.018708679603511566
scientsbank,97,attacked,incorrect,incorrect,0.5909234546005024,0.007587792223960597,0.0029056939788940344,0.0031307100448299294,0.03805020485044382,0.01606122079099067,0.04118091489527374
scientsbank,98,attacked,incorrect,incorrect,0.6078076088972113,0.008737555717966057,0.0034994739063360833,0.003430491711470035,0.033911074133631224,0.018041350230987418,0.03734156584510126
scientsbank,99,attacked,correct,incorrect,0.5946030347107281,0.010343118639371944,0.001004564246970902,0.0023771821089161645,0.03139705127194648,0.02285228415363193,0.03377423338086265
scientsbank,100,attacked,incorrect,correct,0.5968534817431408,0.005896560133125965,0.003943288797347025,0.0040454143936960825,0.04726267610103562,0.017974104957434147,0.0513080904947317
scientsbank,101,attacked,incorrect,incorrect,0.5357264627160653,0.011254889427243337,0.007219656387629993,0.005172846587013242,0.055821131247682655,0.027588515130737293,0.0609939778346959
scientsbank,102,attacked,incorrect,incorrect,0.6076211300764945,0.009622288575433742,0.0024698272301134382,0.002150220762117776,0.022239174120673912,0.019844450238131257,0.02438939488279169
scientsbank,103,attacked,incorrect,incorrect,0.6722277353891704,0.006107863013778514,0.003099869606014749,0.006010274305791717,0.021494269965950465,0.011097502246771734,0.027504544271742183
scientsbank,104,attacked,correct,incorrect,0.6153009269436713,0.00834756978326254,0.0024272906018908743,0.001518846311544968,0.025926098045049126,0.022953788593893725,0.027444944356594093
scientsbank,105,attacked,incorrect,incorrect,0.5837902997047982,0.00852289701079522,0.006024723788602927,0.005013451300819862,0.04463807300859316,0.0208338343357703,0.049651524309413025
scientsbank,106,attacked,incorrect,incorrect,0.6154340303319092,0.009084453072030848,0.002827190033875246,0.0024520257990320823,0.03003814973644266,0.016571063802901097,0.032490175535474744
scientsbank,107,attacked,incorrect,incorrect,0.573081168537869,0.009133626557080787,0.002877177577226273,0.0029803850903518613,0.038450876679892956,0.021646405339522924,0.041431261770244816
scientsbank,108,attacked,correct,correct,0.5962076975575236,0.008059326628592014,0.00428684796724439,0.003221871054409693,0.037471833735813906,0.016295791794510236,0.0406937047902236
scientsbank,109,attacked,correct,incorrect,0.6334951099251188,0.005889592168360647,0.001690106702010108,0.0022759148724525945,0.03212396311998591,0.01735558159081114,0.0343998779924385
scientsbank,110,attacked,correct,incorrect,0.6536222379857821,0.005806123047357951,0.00202923189194197,0.0019213752579864468,0.027257662160927943,0.018616245917420594,0.02917903741891439
scientsbank,111,attacked,incorrect,incorrect,0.6233920091570118,0.007817001949419582,0.0022449994459368566,0.002400900528548804,0.023247749960905447,0.020046946861587155,0.02564865048945425
scientsbank,112,attacked,correct,incorrect,0.6476748008010723,0.010851025955576838,0.00301667229780021,0.0017217350996168235,0.018482158128130744,0.014305075950565592,0.020203893227747568
scientsbank,113,attacked,correct,incorrect,0.6212708072779967,0.007273944941337136,0.0019423005995880401,0.004092547364356836,0.024879656370451624,0.01921160399185137,0.02897220373480846
scientsbank,114,attacked,correct,incorrect,0.6323243837928778,0.009194314347744686,0.0031924354114142932,0.002434994430458029,0.02326984863964699,0.016012179273418213,0.02570484307010502
scientsbank,115,attacked,incorrect,incorrect,0.6179459470613742,0.006569101872160635,0.00316133480051585,0.001990065833260001,0.024540169280243322,0.017084698479351262,0.026530235113503324
scientsbank,116,attacked,correct,incorrect,0.6048596975359338,0.010703662404378587,0.003035795659786179,0.0030550840127202806,0.028870902217784374,0.01952196295477741,0.031925986230504654
scientsbank,117,attacked,correct,incorrect,0.6101445968073506,0.009010918962234082,0.0029042276617203644,0.002397798199054887,0.03084646135390558,0.02037532950073106,0.03324425955296047
scientsbank,118,attacked,incorrect,incorrect,0.6226670148298168,0.01506319001800301,0.004056206949757308,0.0030850301607425533,0.018968228702496818,0.022268460271902987,0.02205325886323937
scientsbank,119,attacked,incorrect,incorrect,0.5481508025044315,0.009033220505525024,0.006980497702402892,0.006340139769745413,0.05267200377775406,0.02570399126632868,0.05901214354749947
scientsbank,120,attacked,incorrect,incorrect,0.6005261661299984,0.0075630281107165135,0.004186856939968903,0.0048238838430480924,0.02330647195290286,0.021702716255576814,0.028130355795950954
scientsbank,121,attacked,correct,incorrect,0.6433256395824831,0.008117333014980825,0.0015675621056478123,0.0034673907278023144,0.022622746225097266,0.01438024676751997,0.026090136952899582
scientsbank,122,attacked,incorrect,incorrect,0.594833799342629,0.008393524092701417,0.0016960726597146495,0.002700764774256455,0.021249238222559183,0.02855420697859857,0.02395000299681564
scientsbank,123,attacked,incorrect,incorrect,0.5991608965136631,0.007327453575991103,0.0014226037473614474,0.001472609701232626,0.021674179643524978,0.016590042090035242,0.023146789344757605
scientsbank,124,attacked,correct,incorrect,0.5951196252422114,0.004461016339938216,0.005014948909612101,0.008252737217034666,0.048835210185113345,0.01693260316249257,0.05708794740214801
scientsbank,125,attacked,incorrect,incorrect,0.6456172464126634,0.006925880007114595,0.0026926840423788776,0.002533687687938147,0.023067408105159604,0.013811876789211999,0.02560109579309775
scientsbank,126,attacked,correct,incorrect,0.5878395958224631,0.008736846318732382,0.0027730082427809997,0.0035729717410958343,0.026748444419453444,0.01734544830299925,0.03032141616054928
scientsbank,127,attacked,correct,incorrect,0.6751372012992348,0.009590943594156147,0.004452831110755881,0.0017637391789885595,0.0167023097912381,0.013538335159276764,0.01846604897022666
scientsbank,128,attacked,incorrect,incorrect,0.634361139024474,0.008165547062925264,0.005507046859112091,0.002789418438149048,0.02685997811061456,0.018684038815584166,0.029649396548763605
scientsbank,129,attacked,correct,incorrect,0.5291652630242902,0.010128770867350785,0.005437225454708556,0.0047567968896875465,0.05477449948419125,0.024506880153912367,0.05953129637387879
scientsbank,130,attacked,correct,incorrect,0.5806516355406178,0.008416486949530448,0.0028790485652385863,0.003215993994078792,0.042857361575508214,0.021228991771227876,0.046073355569587006
scientsbank,131,attacked,incorrect,incorrect,0.6181515574168194,0.009000270481681054,0.002666764481431149,0.003812628661455645,0.031384225043144365,0.017787972780059624,0.03519685370460001
scientsbank,132,attacked,incorrect,incorrect,0.6262574042013996,0.006684031341257562,0.0015174080991865828,0.0023739440986331947,0.017875958739702845,0.019401469850570337,0.02024990283833604
scientsbank,133,attacked,incorrect,incorrect,0.6694028484296048,0.009666301841767934,0.004789024897918067,0.0013622173668498376,0.013859423838678485,0.014694697348194759,0.015221641205528323
scientsbank,134,attacked,incorrect,incorrect,0.5778609931492444,0.009210524335661111,0.002497325342595516,0.0035688422017020748,0.02802625846573787,0.01705034029831212,0.031595100667439945
scientsbank,135,attacked,correct,incorrect,0.5833925903350567,0.009449696861504962,0.002573696955536545,0.00332785889725534,0.039636460531853615,0.021017252289722767,0.04296431942910896
scientsbank,136,attacked,incorrect,incorrect,0.6206605769376742,0.005885259599330481,0.002045348805019427,0.0025721053024816433,0.023269206325959753,0.016132274938553508,0.025841311628441395
scientsbank,137,attacked,correct,incorrect,0.5940583884243751,0.011670211839403987,0.0023003123985139862,0.0053336258981088545,0.027937472860708724,0.01981748928112526,0.03327109875881758
scientsbank,138,attacked,incorrect,incorrect,0.5959929481500379,0.009618420746082242,0.00280089066014099,0.003764749287725746,0.02998196646788605,0.02029821656472385,0.0337467157556118
scientsbank,139,attacked,correct,incorrect,0.5878553799734384,0.006642610196032787,0.0028311083473154587,0.006473149161427258,0.0346935990059399,0.022637418320168898,0.04116674816736716
scientsbank,140,attacked,incorrect,incorrect,0.6480902679726444,0.00862320629299668,0.002007309402071922,0.003040485113091411,0.019752477960776896,0.017145325491201277,0.022792963073868307
scientsbank,141,attacked,incorrect,incorrect,0.6299936079196237,0.006430105059577467,0.002401634226982923,0.0036959038535751697,0.037466828976835044,0.017057944432110592,0.04116273283041021
scientsbank,142,attacked,incorrect,incorrect,0.5735709713021258,0.010362813447554036,0.005234605875307146,0.005501971823870656,0.03472516531949099,0.020253089750721764,0.040227137143361645
scientsbank,143,attacked,incorrect,incorrect,0.64437595324478,0.0069386467816777595,0.0018591549447222195,0.001019363150721032,0.02461716608382141,0.01699034164764844,0.025636529234542443
scientsbank,144,attacked,incorrect,incorrect,0.587483201573609,0.011249836290940821,0.0025173358806999204,0.0028276531801385966,0.04074547176869301,0.02469572757191848,0.04357312494883161
scientsbank,145,attacked,incorrect,incorrect,0.6126311707506937,0.007114920857317141,0.002231745525816736,0.0034162515420082104,0.02632315235578714,0.019259840837753377,0.02973940389779535
scientsbank,146,attacked,correct,incorrect,0.6034894674101919,0.006496034664931924,0.002733633547680796,0.005757279298848356,0.03189346550888146,0.022639569939351945,0.03765074480772981
scientsbank,147,attacked,correct,correct,0.6325266112091822,0.0058715758364641666,0.0018621208355795872,0.0031256516870994968,0.03760090241974869,0.0143737971291906,0.04072655410684819
scientsbank,148,attacked,correct,incorrect,0.6332969693122188,0.006942656142341396,0.0025150123900994715,0.003499728761474535,0.03204361582314628,0.01724470822347954,0.035543344584620815
scientsbank,149,attacked,correct,incorrect,0.5550638156636153,0.010187349180506532,0.003995268146046092,0.0036764865978427008,0.04563491483539771,0.026143904695770315,0.04931140143324041
scientsbank,150,attacked,incorrect,incorrect,0.5933730236172274,0.006740777536274788,0.004470895888639675,0.00410580919530731,0.030273038696506348,0.017561367567172106,0.034378847891813655
scientsbank,151,attacked,correct,incorrect,0.6797625094518094,0.010903378163964127,0.004950660487472499,0.003417739642803143,0.012716445049782902,0.016053550096378422,0.016134184692586043
scientsbank,152,attacked,incorrect,incorrect,0.5937357592684136,0.01134465414114215,0.0024771570021058695,0.0034357795616424113,0.032584105417958246,0.017810348688225182,0.03601988497960066
scientsbank,153,attacked,incorrect,incorrect,0.5943641090972066,0.008898673154728063,0.004171475626571452,0.0026569270644135833,0.04387505922072632,0.021675031701361064,0.0465319862851399
scientsbank,154,attacked,correct,incorrect,0.5773707604374854,0.011920397167753784,0.002766202592987097,0.0030461131122223022,0.038661031103089445,0.02804636643839495,0.04170714421531175
scientsbank,155,attacked,incorrect,incorrect,0.6476128062360869,0.005712981132161105,0.0032427465186950447,0.0023808367839880306,0.019863397488966057,0.015670000303964565,0.022244234272954088
scientsbank,156,attacked,correct,incorrect,0.6112735877619351,0.006581528556603403,0.0021790728507826568,0.004931189907542578,0.03517712715191655,0.020989804279964223,0.04010831705945913
scientsbank,157,attacked,incorrect,incorrect,0.5686116815101218,0.007862112981535047,0.006034683604569128,0.003559842202185625,0.034761990243874524,0.017518333977158893,0.03832183244606015
scientsbank,158,attacked,incorrect,incorrect,0.6182271046533377,0.005643296135778245,0.0018475182955961992,0.0022063048005676045,0.025872639066759743,0.017200794248293898,0.028078943867327347
scientsbank,159,attacked,incorrect,incorrect,0.5416016058216393,0.011000098547716297,0.0062870465725789046,0.00479602855680591,0.04020079915945646,0.02310935015373146,0.044996827716262365
scientsbank,160,attacked,correct,incorrect,0.6065278373653004,0.006023391418716797,0.002187439478445335,0.0033203463185388807,0.03259579471708971,0.016322829182234395,0.03591614103562859
scientsbank,161,attacked,incorrect,incorrect,0.6216090492415932,0.008261447741346193,0.0014715912737323943,0.001716955985093049,0.03001640242200641,0.017308062559046482,0.03173335840709946
scientsbank,162,attacked,incorrect,incorrect,0.6168465463587571,0.009018983062720556,0.0028350515156868998,0.002380790414316385,0.02722850334131497,0.01744515121843359,0.029609293755631354
scientsbank,163,attacked,incorrect,incorrect,0.6400234319589189,0.00753167979568972,0.0014492102784386732,0.0012334617503934357,0.018523143514460678,0.024076105352867,0.019756605264854114
scientsbank,164,attacked,incorrect,incorrect,0.6128556844878811,0.007696726245791734,0.0029718835376184322,0.007976352180897268,0.028831373683743725,0.018213108505725557,0.036807725864641
scientsbank,165,attacked,correct,incorrect,0.6042327922399405,0.009997482824152004,0.001003052821324655,0.002031873888297041,0.03477758782975302,0.022049983238710585,0.036809461718050066
scientsbank,166,attacked,correct,incorrect,0.6011004621736095,0.007772708476107362,0.0031999660501292253,0.0033577948033094926,0.03859890504514391,0.018752535362759972,0.041956699848453405
scientsbank,167,attacked,incorrect,incorrect,0.6413480776205142,0.00958996154369246,0.0022899606600087696,0.0018856679329129955,0.017331387721694146,0.015805143997150075,0.01921705565460714
scientsbank,168,attacked,incorrect,incorrect,0.6140162159036989,0.010225816441295603,0.00224046244935991,0.002194733865297286,0.022840475060445984,0.0158983043924389,0.02503520892574327
scientsbank,169,attacked,correct,incorrect,0.5291597581939849,0.009293680020158556,0.006085392316975926,0.004568668033341325,0.049435832799135784,0.019267445797108505,0.05400450083247711
scientsbank,170,attacked,incorrect,incorrect,0.5967475003874096,0.010229524279999557,0.002409515235072082,0.0028439866919555616,0.024617186149546222,0.022102930129426445,0.027461172841501784
scientsbank,171,attacked,incorrect,incorrect,0.6007650039537893,0.008563857042636985,0.0030169538603644743,0.0013170772471396365,0.037128921485387635,0.019657187584477116,0.03844599873252727
scientsbank,172,attacked,incorrect,incorrect,0.5671694502690472,0.00595407589009835,0.0036017064964695704,0.001910715836040002,0.035202235885277496,0.021219378259926664,0.0371129517213175
scientsbank,173,attacked,incorrect,incorrect,0.603555714727595,0.008702588190214905,0.0021982988607508994,0.003266629903171248,0.027365297863296188,0.0191896623800892,0.030631927766467434
scientsbank,174,attacked,incorrect,incorrect,0.6412371895981869,0.006259757066796499,0.003369640499574912,0.001489154490346189,0.016960555586020883,0.015737049499003713,0.018449710076367073
scientsbank,175,attacked,incorrect,incorrect,0.5782252472246262,0.00784891885305592,0.00403808758801716,0.004382902606372753,0.043970048855345154,0.024316902987039004,0.048352951461717905
scientsbank,176,attacked,incorrect,incorrect,0.6017491737957156,0.007053795692956902,0.0021871747452260615,0.004673853105065147,0.02876855248985541,0.019858394428863377,0.03344240559492056
scientsbank,177,attacked,incorrect,incorrect,0.6244682944370998,0.008146135565903805,0.002451747227123302,0.0018842374027197247,0.0439599825793774,0.01819841827176826,0.045844219982097124
scientsbank,178,attacked,correct,incorrect,0.5810395552797599,0.009137037871547715,0.002453441528817734,0.00484205538172344,0.031976727817695755,0.025122631112261484,0.0368187831994192
scientsbank,179,attacked,incorrect,incorrect,0.5954473821279305,0.00809495181600419,0.002568017515624202,0.0046068908986434546,0.034405332867114446,0.023057336401654242,0.0390122237657579
scientsbank,180,attacked,correct,incorrect,0.638504462308005,0.008627600357443282,0.005902906884714416,0.002142872778394844,0.023010984635329378,0.01960940639904483,0.025153857413724223
scientsbank,181,attacked,correct,incorrect,0.6105332574035153,0.007768804205608146,0.0017945818378484685,0.0020325387592921343,0.029498066033165037,0.019636100141437584,0.03153060479245717
scientsbank,182,attacked,correct,incorrect,0.6677209446597013,0.008876057980335752,0.0017799297049524193,0.001543218511543483,0.017370280393391203,0.016234353153613375,0.018913498904934687
scientsbank,183,attacked,incorrect,incorrect,0.5870424493285472,0.013018045353836641,0.003286178014667575,0.0034865547228790125,0.03720995471486394,0.023770402642682528,0.04069650943774295
scientsbank,184,attacked,incorrect,incorrect,0.6128073879503718,0.006553803876119973,0.004104946550572381,0.005454511488984924,0.04333957852731825,0.017535286716554924,0.04879409001630317
scientsbank,185,attacked,incorrect,incorrect,0.5908412228112606,0.008645634850785743,0.004507537958619477,0.0025424208399266444,0.04249202872151454,0.020301292277781904,0.04503444956144118
scientsbank,186,attacked,correct,incorrect,0.6050252555787237,0.007492079130795308,0.0014037523435029599,0.001662950684919982,0.02013393525345961,0.017497558753190343,0.02179688593837959
scientsbank,187,attacked,incorrect,incorrect,0.6394969373546197,0.005457102653876032,0.0014650856760117076,0.0015693924196167745,0.022463833608216074,0.016943343404017992,0.02403322602783285
scientsbank,188,attacked,incorrect,incorrect,0.6242558654713195,0.005932042100361318,0.002946806895387311,0.0032470728174995122,0.0329418926664494,0.02053074209570994,0.03618896548394891
scientsbank,189,attacked,incorrect,incorrect,0.5692944986751968,0.0063422401890472005,0.0040383019740417875,0.0043114019539766905,0.043460343706461645,0.021859447127575555,0.04777174566043833
scientsbank,190,attacked,correct,incorrect,0.6244915966044262,0.009865227387621576,0.0026494554614946712,0.001987404925726411,0.022813737456110355,0.014781995555673196,0.024801142381836765
scientsbank,191,attacked,incorrect,incorrect,0.5855459618767149,0.012359858609285802,0.002648003357438762,0.0033581529587369575,0.032617125955167435,0.018100601570869724,0.035975278913904396
scientsbank,192,attacked,incorrect,incorrect,0.6092523535883217,0.005128779832338439,0.004256131413079123,0.005722532632997762,0.03160568931581801,0.021117773212359386,0.03732822194881577
scientsbank,193,attacked,correct,incorrect,0.6112973336074732,0.0048619235211788585,0.0024357377168970707,0.0020937792452699524,0.043343713874367994,0.015550513737680122,0.04543749311963795
scientsbank,194,attacked,incorrect,incorrect,0.6410896744450574,0.007655026251789387,0.0022369368222568127,0.0032692317713276715,0.023016592262403254,0.017105581101391536,0.026285824033730927
scientsbank,195,attacked,correct,incorrect,0.6068775562298436,0.009008482193235912,0.0030505366487653864,0.0016475753319852991,0.03072190224041334,0.02177730999181031,0.03236947757239864
scientsbank,196,attacked,incorrect,incorrect,0.5630954590853844,0.014638182775189485,0.006469671164617162,0.0034747490750625014,0.05396204427769933,0.020279192020031048,0.057436793352761834
scientsbank,197,attacked,correct,correct,0.5327317237092987,0.012937772906147239,0.00498670194904158,0.010444780120245113,0.048752336509133125,0.018813021421888225,0.05919711662937824
scientsbank,198,attacked,correct,incorrect,0.5425350194014493,0.010986565366529567,0.00438380253148623,0.0033605656125641667,0.0595165324760903,0.023802417051532805,0.06287709808865447
scientsbank,199,attacked,incorrect,incorrect,0.6417864550075243,0.00461689724680779,0.0027399243024705416,0.003022121100044437,0.03261683849064004,0.013826329426963754,0.03563895959068447
scientsbank,200,attacked,incorrect,incorrect,0.5967894655662769,0.005318590663273967,0.005220198794535522,0.008135796292434477,0.0353974443771195,0.020598209435058235,0.04353324066955398
scientsbank,201,attacked,incorrect,incorrect,0.5752460282210742,0.0053925983391097145,0.008201883242400057,0.006591032897361985,0.04782594434613257,0.016755700972600006,0.054416977243494556
scientsbank,202,attacked,correct,incorrect,0.6044748272564249,0.008146843207033641,0.002459955172812417,0.0023016483076498426,0.037822466420363195,0.021697577085415046,0.040124114728013034
scientsbank,203,attacked,correct,incorrect,0.6363735778196392,0.0055831260324503236,0.0019944340653063144,0.004027071105645433,0.03337650667459697,0.017130214004709234,0.0374035777802424
scientsbank,204,attacked,incorrect,incorrect,0.6270156569459283,0.00843302571000872,0.0017384834695863601,0.0020144218893686926,0.03151602448685632,0.016288699678885295,0.033530446376225015
scientsbank,205,attacked,incorrect,incorrect,0.6239425267219877,0.007665797545313004,0.0029527022031703345,0.0024678163416130554,0.03029654590638717,0.016675877968365192,0.03276436224800023
scientsbank,206,attacked,incorrect,incorrect,0.6422389897968367,0.0073572212497206475,0.0020705673560241005,0.002424823366087308,0.021415139484130635,0.017361048490475615,0.023839962850217944
scientsbank,207,attacked,incorrect,incorrect,0.548196367601834,0.009931319220395557,0.004153268465303008,0.004598201872609005,0.04095534478939441,0.02143696313506043,0.04555354666200341
scientsbank,208,attacked,incorrect,incorrect,0.658782151935613,0.003795910815943803,0.004044576769593232,0.0028211545824867643,0.019755711330060065,0.012962100256962766,0.022576865912546828
scientsbank,209,attacked,correct,incorrect,0.5477360317551926,0.011350450201765732,0.006928351429539923,0.011110559329295782,0.050649395001065536,0.02140985025983704,0.06175995433036132
scientsbank,210,attacked,incorrect,incorrect,0.58510488132715,0.0100541249970816,0.002157948076786549,0.001962951333482311,0.027527060116173747,0.02691121823292212,0.02949001144965606
scientsbank,211,attacked,correct,incorrect,0.5368085794703421,0.020166546906387372,0.00905102979246178,0.00796154185000771,0.045688204038396435,0.0263507163547032,0.05364974588840415
scientsbank,212,attacked,correct,incorrect,0.5772442052657707,0.005725440238279474,0.005428044207150591,0.008139561169669445,0.041649759449794675,0.020041128451525194,0.04978932061946412
scientsbank,213,attacked,incorrect,incorrect,0.5879214564917888,0.009160339221980805,0.008588161017341438,0.0036000937246033287,0.04538246462301855,0.020783573952004794,0.04898255834762188
scientsbank,214,attacked,correct,incorrect,0.5967776289275973,0.006861612805957423,0.004585863650503542,0.005548093159185384,0.05217660873044293,0.021611980234679473,0.05772470188962831
scientsbank,215,attacked,correct,incorrect,0.5383295511680876,0.011235373643866328,0.004950894646120843,0.00454026751094022,0.05034164678411827,0.025700203322431364,0.05488191429505849
scientsbank,216,attacked,incorrect,incorrect,0.6518396931097039,0.00970271461825558,0.0031070641208739698,0.0018547502990293474,0.016562908257998745,0.01744346793753792,0.018417658557028094
scientsbank,217,attacked,correct,incorrect,0.6004680302934325,0.00764253806801972,0.0028409618607761395,0.0022451927679454677,0.026334101258479604,0.019554228740086787,0.028579294026425072
scientsbank,218,attacked,incorrect,incorrect,0.6077312111448654,0.0059095919512645945,0.005283800280365643,0.005609460070978327,0.04701000473399589,0.020170389258284776,0.05261946480497422
scientsbank,219,attacked,correct,incorrect,0.5539544890972163,0.010465192596154879,0.002850845528086616,0.004291184813310788,0.045937634621603655,0.023675502418266412,0.050228819434914446
scientsbank,220,attacked,correct,incorrect,0.5985059881052862,0.006921743573075187,0.004525691256923054,0.004280486101943388,0.03932766605202543,0.01580751133210024,0.04360815215396882
scientsbank,221,attacked,correct,correct,0.6343385205947152,0.005598934914706558,0.0017020952905100258,0.0029382485527689184,0.03435046721478443,0.016184451044759945,0.03728871576755335
scientsbank,222,attacked,correct,correct,0.6061098877731442,0.00878252563228773,0.0026303951528640055,0.002472580979291777,0.03359534777166148,0.016736884438306697,0.03606792875095326
scientsbank,223,attacked,incorrect,incorrect,0.583362481358056,0.009068133054485967,0.004494990538752367,0.0033106393544086346,0.03185834641206569,0.022830153727203997,0.03516898576647432
scientsbank,224,attacked,correct,incorrect,0.6100235951862849,0.007097017819106395,0.0013893872633356824,0.005913306636999523,0.029542672850748332,0.020172480987712852,0.035455979487747855
scientsbank,225,attacked,incorrect,incorrect,0.6015459511366065,0.007061514574051627,0.0020655159070736193,0.0036149809621979926,0.030170778826332123,0.01924362575777444,0.033785759788530115
scientsbank,226,attacked,incorrect,incorrect,0.6230919684110059,0.007216321956269541,0.002402346072329613,0.0044665497947043884,0.023359792387024333,0.016804044187266352,0.027826342181728723
scientsbank,227,attacked,incorrect,incorrect,0.6221468479409142,0.007933137819723825,0.001671887647056094,0.0017542208559774444,0.027402919092987865,0.022645915683893306,0.02915713994896531
scientsbank,228,attacked,incorrect,incorrect,0.5250736353428184,0.013353058851339326,0.007471293320102173,0.007760796993597354,0.03660719103039401,0.024159963895505628,0.04436798802399136
scientsbank,229,attacked,incorrect,incorrect,0.5949515277644046,0.00453882021181161,0.007089940330863882,0.004071210189989809,0.05213541909965289,0.017693867492380482,0.0562066292896427
scientsbank,230,attacked,incorrect,incorrect,0.6509668248527755,0.006815379826154234,0.0020955745097888633,0.005051287102459246,0.023241826381294663,0.016810317703979026,0.028293113483753907
scientsbank,231,attacked,correct,incorrect,0.5893066995799616,0.0071521377680358565,0.003615748617847467,0.004543419026641212,0.040865471680156286,0.016993666458124307,0.045408890706797496
scientsbank,232,attacked,correct,incorrect,0.6246684071528423,0.004478426328500331,0.003830251836499353,0.007049700975064623,0.02818404561215564,0.019317170905201388,0.03523374658722026
scientsbank,233,attacked,incorrect,incorrect,0.6244822145536881,0.008468213126350047,0.002326261930062103,0.002917837965965191,0.026976296260897425,0.018762637206402536,0.029894134226862615
scientsbank,234,attacked,correct,incorrect,0.6125702759308241,0.007860865684196888,0.002198720302867053,0.0021239371383197985,0.03211246244765774,0.0189463385543414,0.03423639958597754
scientsbank,235,attacked,incorrect,incorrect,0.5915555573872925,0.008678132423947627,0.004421255451383482,0.004434396172800725,0.03983263260436376,0.017607611010275984,0.044267028777164485
scientsbank,236,attacked,incorrect,incorrect,0.5914113677598068,0.011768781260862489,0.0037722012118885035,0.005913963428703621,0.02587238264339081,0.021185571097836475,0.03178634607209443
scientsbank,237,attacked,incorrect,incorrect,0.6230192144387581,0.005634929236603309,0.0032217205456219356,0.005070215535671112,0.026380460894037724,0.017447706070180997,0.031450676429708835
scientsbank,238,attacked,incorrect,incorrect,0.5653164325486429,0.009321797802641127,0.003259017841694231,0.006220535939704651,0.04776314248955396,0.024185512442413848,0.053983678429258615
scientsbank,239,attacked,incorrect,incorrect,0.6134729700020352,0.007415966933982152,0.0023888870569761756,0.0027427807914232618,0.03008365069978834,0.018768114693292197,0.0328264314912116
scientsbank,240,attacked,correct,incorrect,0.6268226779201127,0.008614399497672941,0.0020104035646148198,0.004884032940270724,0.025222075941994573,0.016839481237659607,0.030106108882265295
scientsbank,241,attacked,incorrect,incorrect,0.6046630059511041,0.007849521833473977,0.0020413195974855708,0.0023260494326077835,0.02327696235509999,0.021705339585376796,0.025603011787707772
scientsbank,242,attacked,correct,incorrect,0.6338444686131794,0.008607579687107838,0.005156076112923767,0.002353633211560092,0.020051274900768752,0.019029911598204077,0.022404908112328845
scientsbank,243,attacked,incorrect,incorrect,0.5969254812998128,0.010090937093958993,0.00495225688585502,0.0025279193211354195,0.03166717191082088,0.02309932766321554,0.0341950912319563
scientsbank,244,attacked,incorrect,incorrect,0.6435349661919955,0.008382753229600262,0.00203318030005275,0.0022097296337818084,0.022569207935272242,0.020872902850388994,0.02477893756905405
scientsbank,245,attacked,correct,correct,0.6009240103373171,0.007901430942204756,0.0019391866716267016,0.0037397151122257597,0.03924242727080448,0.01909235539106961,0.04298214238303024
scientsbank,246,attacked,correct,incorrect,0.660154946408024,0.009558715312569183,0.0015110592322711267,0.007577571926151432,0.018110077657247096,0.02035552239735831,0.025687649583398527
scientsbank,247,attacked,incorrect,incorrect,0.5780279834311377,0.011966188550552469,0.0014485681110513239,0.002031429563703519,0.04407758568006714,0.023123668759884156,0.04610901524377066
scientsbank,248,attacked,correct,incorrect,0.6159158039990598,0.004961481962106676,0.005121637398677705,0.007808054185922707,0.04121094907885302,0.017487448383684285,0.04901900326477573
scientsbank,249,attacked,correct,incorrect,0.5686042173348639,0.004475315652658844,0.0032902804938932267,0.007703533380527268,0.03813288967696479,0.016445142536293603,0.04583642305749206
scientsbank,250,attacked,correct,incorrect,0.6403306519306579,0.00496402826461106,0.003521559157518419,0.0014389230533453723,0.0236556947492569,0.018827101898774706,0.025094617802602272
scientsbank,251,attacked,incorrect,incorrect,0.5971942910153573,0.008549920080802837,0.0019067196485074219,0.004934324316089932,0.03812081226102159,0.01983831867961913,0.04305513657711152
scientsbank,252,attacked,incorrect,incorrect,0.5920380762805239,0.008537654799099516,0.0017846840978323246,0.0055094909832894765,0.03322311271995983,0.02223059347510935,0.0387326037032493
scientsbank,253,attacked,correct,incorrect,0.6034564629053011,0.009013353555998572,0.003283797227698299,0.002849687513178224,0.03080496932154163,0.01841512734570898,0.033654656834719854
scientsbank,254,attacked,correct,incorrect,0.5993563856562882,0.007649741309210703,0.0024231448579062277,0.002322825850611654,0.032349424684790413,0.022875593112301886,0.034672250535402065
scientsbank,255,attacked,incorrect,incorrect,0.6051527151647508,0.014531280645178266,0.00411392686689131,0.00304480913602542,0.024069399872406493,0.0213856937468732,0.02711420900843191
scientsbank,256,attacked,incorrect,incorrect,0.5519537418241012,0.00915382334985607,0.003987942343240716,0.00390818111188468,0.03399950652954173,0.021502388038152097,0.03790768764142641
scientsbank,257,attacked,incorrect,incorrect,0.6086788320763488,0.009676143163335753,0.0034853345312917286,0.0024095786948635668,0.02504203269599556,0.017949836226926696,0.027451611390859124
scientsbank,258,attacked,correct,incorrect,0.5724104751760687,0.009384701811426347,0.004084027750820802,0.005068808485320776,0.03583248157565394,0.020057876722051744,0.04090129006097472
scientsbank,259,attacked,incorrect,incorrect,0.6171713486743474,0.008897884419235162,0.002082017069783519,0.0023055164950302252,0.021149513150414426,0.01486145884566246,0.02345502964544465
scientsbank,260,attacked,incorrect,incorrect,0.5842249416141522,0.010025672668676799,0.008973425209110045,0.0033603262777646037,0.040642402557004235,0.020505237309038034,0.04400272883476884
scientsbank,261,attacked,incorrect,incorrect,0.6441995502358551,0.00720460709147857,0.0022332853442851614,0.003047553561497875,0.033733084664073584,0.017500576326901548,0.03678063822557146
scientsbank,262,attacked,correct,incorrect,0.598275149249585,0.006153543519956563,0.004229606836297688,0.00641312227886292,0.05170770704067719,0.01596409367274091,0.05812082931954011
scientsbank,263,attacked,correct,incorrect,0.5899644258031334,0.004934548727032004,0.0031233731811395157,0.00584823060730742,0.04773618828369632,0.016485316009721737,0.053584418891003745
scientsbank,264,attacked,correct,incorrect,0.6031833311424049,0.006865842466496295,0.0036787341694249874,0.002709065883139422,0.028671582746660488,0.016608995055531768,0.03138064862979991
scientsbank,265,attacked,incorrect,incorrect,0.5805100574836749,0.008274332300401987,0.002808864770543949,0.0036824055110269926,0.03381693995890713,0.023576545288149005,0.03749934546993412
scientsbank,266,attacked,incorrect,incorrect,0.6026451458236778,0.008202813070561362,0.0040540107046996374,0.002288813728059426,0.04015879687232175,0.019343214957135726,0.04244761060038118
scientsbank,267,attacked,incorrect,incorrect,0.5929939476742431,0.009920226120836305,0.0026957551162499656,0.004436137291672805,0.041753424304530135,0.020645981474497876,0.04618956159620294
scientsbank,268,attacked,correct,incorrect,0.6767219786253048,0.008356670464549708,0.00236439366715945,0.0013504512427202331,0.018619160023802674,0.011358351203464352,0.019969611266522906
scientsbank,269,attacked,correct,incorrect,0.5597545097768533,0.010571675018419872,0.0025838189915225965,0.003356079738365975,0.03665460888444384,0.024079085318063125,0.04001068862280982
scientsbank,270,attacked,incorrect,incorrect,0.6703802920727595,0.011126306487095089,0.004743946122368681,0.0020269999058954527,0.014623339464346623,0.013815109843538714,0.016650339370242077
scientsbank,271,attacked,correct,incorrect,0.5968801053716819,0.010054379595486588,0.002953726638513736,0.0032170008359075006,0.038052660443594365,0.02072616580062214,0.041269661279501865
scientsbank,272,attacked,incorrect,incorrect,0.611846023264501,0.008749879148198931,0.001982178288330538,0.001874224304402083,0.03327654715206357,0.021330275790221672,0.03515077145646565
scientsbank,273,attacked,incorrect,incorrect,0.6251677507042314,0.008085976970097141,0.0025263244147364318,0.003027015902552383,0.03591782561739643,0.01719596569381977,0.038944841519948814
scientsbank,274,attacked,incorrect,incorrect,0.6262458662923371,0.003268745303265567,0.005845103330691664,0.0026879795379644612,0.03304092114936049,0.018882161851071028,0.035728900687324955
scientsbank,275,attacked,correct,incorrect,0.6120198944873197,0.009173054825266378,0.003136262054233796,0.0021090874430581196,0.03303094631257464,0.019846650874689994,0.03514003375563276
scientsbank,276,attacked,correct,incorrect,0.5966272474187854,0.00955056718707351,0.0026278836545386435,0.0028838556339486295,0.03283639058773872,0.019478657293500297,0.035720246221687346
scientsbank,277,attacked,incorrect,incorrect,0.6263513456335191,0.007946871197510674,0.002671612835326743,0.0032643378244001267,0.021396025274184473,0.019894010331030887,0.0246603630985846
scientsbank,278,attacked,incorrect,incorrect,0.5858974168226413,0.008928670263257344,0.0032706756849243735,0.0032032470488812977,0.031294028727098515,0.016080985779282804,0.034497275775979816
scientsbank,279,attacked,correct,incorrect,0.562666195802467,0.0083167462298201,0.003354549743709765,0.0027145432387256155,0.038474787478465874,0.02480669028558532,0.04118933071719149
scientsbank,280,attacked,correct,correct,0.6465698907559154,0.005580926706478479,0.002081561938156293,0.001894543808772888,0.02760368481844209,0.014674832527862612,0.029498228627214976
scientsbank,281,attacked,correct,incorrect,0.612757150287065,0.007637050812167692,0.0025845931233651337,0.0043612029667406136,0.030540337924706267,0.018068317548511993,0.03490154089144688
scientsbank,282,attacked,incorrect,incorrect,0.591920749396126,0.00939204056266033,0.002300826672228263,0.003233124378540137,0.032207405786223345,0.022328943851791634,0.03544053016476348
scientsbank,283,attacked,incorrect,incorrect,0.6392999421507853,0.0084232848638789,0.002379133989976224,0.0020132051842539854,0.029598460568784173,0.020830013895985273,0.03161166575303816
scientsbank,284,attacked,incorrect,incorrect,0.6157081894178603,0.0083898952067049,0.0032457796660771234,0.0031907411707514277,0.026390794437275683,0.017228570426244358,0.02958153560802711
scientsbank,285,attacked,incorrect,incorrect,0.581332999392294,0.008689158779784815,0.0023946438285225697,0.002081021847639749,0.032063593677737895,0.017790659118862837,0.03414461552537765
scientsbank,286,attacked,correct,correct,0.6299706988126927,0.0044697484136968085,0.0025243036050307723,0.004993052025403741,0.022025365591264532,0.018861104408458885,0.027018417616668275
scientsbank,287,attacked,incorrect,incorrect,0.6627694807502386,0.008081203384049267,0.0025122542277569,0.003030882467956715,0.025751795348820612,0.018742939117386326,0.028782677816777326
scientsbank,288,attacked,incorrect,incorrect,0.5660524214704066,0.008853876711146642,0.006244560700752949,0.0025785866621860845,0.033884485894953874,0.02518110114430289,0.03646307255713996
scientsbank,289,attacked,incorrect,incorrect,0.6238979964482935,0.005798145731649223,0.0020770688225323786,0.0030883989776210987,0.02580872556233017,0.01949542905854839,0.028897124539951267
scientsbank,290,attacked,incorrect,incorrect,0.6073393972147162,0.012395322936772247,0.001173362174618435,0.0016263766234516429,0.017263111823692365,0.02315777487256672,0.01888948844714401
scientsbank,291,attacked,correct,incorrect,0.5960878422330005,0.014553158967070708,0.0012620658014302502,0.001849645055558106,0.02130159832345923,0.022095463020726652,0.023151243379017337
scientsbank,292,attacked,incorrect,incorrect,0.6204589630944961,0.010801163517409226,0.0036338181401945335,0.0033941681435355783,0.033607696052338036,0.025339056505586214,0.03700186419587361
scientsbank,293,attacked,incorrect,incorrect,0.6074336139432219,0.009393901751502585,0.0026119652566099394,0.0035299991400150974,0.03271358680592052,0.017673645284893888,0.036243585945935616
scientsbank,294,attacked,incorrect,incorrect,0.6174899066479437,0.006600778632356344,0.0024012363888953185,0.0031190335309509653,0.04273419107351216,0.02057494490588192,0.04585322460446312
scientsbank,295,attacked,correct,correct,0.681298164644201,0.0064991876685642465,0.0031666940566578722,0.0012709909132847773,0.011885617847753173,0.0152895428886006,0.01315660876103795
scientsbank,296,attacked,correct,incorrect,0.6042113157520272,0.009134769561945004,0.0019480579530982867,0.0023736344248587254,0.03401461565516433,0.01936710042691889,0.036388250080023055
scientsbank,297,attacked,incorrect,incorrect,0.6008517619755723,0.010332409104671507,0.0024219464285447946,0.002478026575427052,0.020356138762567696,0.023634798924335055,0.022834165337994747
scientsbank,298,attacked,incorrect,incorrect,0.6129017204901726,0.009670833211126644,0.003905641258704933,0.0032868253709620733,0.030081732331217595,0.019889948040052844,0.03336855770217967
scientsbank,299,attacked,incorrect,incorrect,0.5966257338726122,0.006133434709093721,0.0019281973227141388,0.001740807154091076,0.029925292550985305,0.020394361429527313,0.03166609970507638
scientsbank,300,attacked,correct,incorrect,0.6063131785216004,0.008555940672173397,0.002189626809188467,0.002396814097464299,0.03301641230377687,0.01732383841192106,0.035413226401241164
scientsbank,301,attacked,correct,incorrect,0.6400014319373649,0.004125264072917485,0.004775106744151446,0.001765421781075568,0.030925089814227535,0.015261312513312914,0.032690511595303104
scientsbank,302,attacked,correct,incorrect,0.5931294110859934,0.011029745029746102,0.0035538104291552393,0.0036058988127722386,0.028064553598678554,0.02424338791905894,0.03167045241145079
scientsbank,303,attacked,incorrect,incorrect,0.6728425134013813,0.006221368555444205,0.0013447639261854128,0.0031145042906504587,0.014949859345930223,0.014913330472302817,0.01806436363658068
scientsbank,304,attacked,incorrect,incorrect,0.6030126217971633,0.008337704089890213,0.00217908136249571,0.0018247417067302344,0.019642076926171582,0.022524819978639865,0.021466818632901816
scientsbank,305,attacked,correct,incorrect,0.5816445599438412,0.007073960579930307,0.003335289448410117,0.005170533063410909,0.03702195128260236,0.022322360374091216,0.04219248434601327
scientsbank,306,attacked,incorrect,incorrect,0.607260509355899,0.005401063996307244,0.0024899979164282877,0.0040696894052719345,0.031740189730570946,0.017115645506291674,0.03580987913584288
scientsbank,307,attacked,correct,correct,0.579764995688008,0.011537105462268027,0.004338884234268265,0.004767131857753336,0.044087442893608726,0.02025631532572549,0.04885457475136206
scientsbank,308,attacked,incorrect,incorrect,0.6379066700027455,0.006355594121798877,0.0034052108759709872,0.00305640826206353,0.02564266031383703,0.01905467033484186,0.02869906857590056
scientsbank,309,attacked,incorrect,incorrect,0.6566909838878215,0.00808700334776241,0.0021077079064249033,0.0020806860101886867,0.02248054744095037,0.01314039619886028,0.02456123345113906
scientsbank,310,attacked,incorrect,incorrect,0.5581316056612133,0.008873210022693506,0.004626978384997625,0.0048820405833621535,0.043017711037760045,0.019297522251228282,0.0478997516211222
scientsbank,311,attacked,correct,incorrect,0.6135657260913908,0.009215502593401781,0.003326551019764535,0.003489545938722853,0.026262332750609605,0.021809602499271323,0.029751878689332458
scientsbank,312,attacked,incorrect,incorrect,0.601904356533488,0.005643783833177814,0.002460312783247923,0.0025815151585281736,0.032414954941585465,0.023484630322018963,0.03499647010011364
scientsbank,313,attacked,correct,incorrect,0.6056939545538004,0.005378026322418226,0.00284423749723336,0.0020199159896406482,0.0318936616898579,0.021331840919439016,0.03391357767949855
scientsbank,314,attacked,incorrect,incorrect,0.6092628450657801,0.006864229793513017,0.0028981508273132643,0.004658943871321817,0.021561364144587116,0.01954527996818166,0.02622030801590893
scientsbank,315,attacked,incorrect,incorrect,0.612727252900078,0.009375224020891276,0.0038160199063734944,0.004869212320646975,0.02856383681440818,0.018260261281580353,0.033433049135055154
scientsbank,316,attacked,correct,incorrect,0.602611380639381,0.005762517917791929,0.0027569086342540718,0.0026480425454392343,0.043096201591886645,0.022731811070168542,0.045744244137325876
scientsbank,317,attacked,correct,incorrect,0.6193359310256179,0.005502229915084127,0.0037098079299171588,0.003787075721720525,0.03738234845913953,0.019246357622527282,0.04116942418086005
scientsbank,318,attacked,incorrect,incorrect,0.5953209728892606,0.007329171813967637,0.003099151054106972,0.002769771528159294,0.02963699691081387,0.01903336298345769,0.032406768438973166
scientsbank,319,attacked,incorrect,incorrect,0.6350133922915043,0.006374659679844451,0.0012369046710414824,0.003354321784384278,0.017628330160701998,0.021499634797591205,0.020982651945086275
scientsbank,320,attacked,correct,incorrect,0.6134950811433139,0.006678894966084291,0.004272037104985279,0.0034131474841626952,0.03484671949463674,0.02076689008525478,0.038259866978799434
scientsbank,321,attacked,correct,incorrect,0.5869405611133914,0.007063712860942617,0.004707393129030325,0.0065984583525972185,0.03534646526702801,0.018909698356615434,0.04194492361962523
scientsbank,322,attacked,correct,incorrect,0.6081383281147885,0.009045490847934358,0.00314258394584998,0.002303352200930602,0.03628125816019206,0.019247908961973446,0.03858461036112266
scientsbank,323,attacked,incorrect,incorrect,0.6402032858238982,0.006929699373230691,0.0018179508983757091,0.0011788629725777088,0.025575453676032794,0.01871665796883199,0.026754316648610502
scientsbank,324,attacked,correct,incorrect,0.5590611315456359,0.00873049187152926,0.003045759003960936,0.0046235127477486275,0.034906220964554965,0.02420192647358588,0.039529733712303596
scientsbank,325,attacked,correct,incorrect,0.5918806824677864,0.006289006006339316,0.002691592519812002,0.006283283525896787,0.03667680777627867,0.020295730636169344,0.04296009130217546
scientsbank,326,attacked,incorrect,incorrect,0.5847083116473062,0.011810968121175066,0.0013247215701884716,0.0021725815240384,0.03713941326529472,0.024293238182750716,0.03931199478933312
scientsbank,327,attacked,incorrect,incorrect,0.6360314228961872,0.010329890155841586,0.004172582616803468,0.0023432848172887776,0.019985284126041218,0.01832087708170666,0.022328568943329997
scientsbank,328,attacked,incorrect,incorrect,0.6197900776834104,0.011090802951115824,0.0023601337504585446,0.004142017429896203,0.026688758539994938,0.021352534194956963,0.03083077596989114
scientsbank,329,attacked,incorrect,incorrect,0.5803577106413959,0.009928320188833155,0.004655447380499545,0.003534656178746272,0.03542769208522642,0.01717289785134758,0.03896234826397269
scientsbank,330,attacked,incorrect,incorrect,0.6242695758042334,0.008209686042175625,0.002803243364153509,0.003340156580585143,0.033165166391011615,0.019622584155430705,0.036505322971596754
scientsbank,331,attacked,incorrect,incorrect,0.5770472937160683,0.011868510962553003,0.0026948488746551535,0.0032016968325994026,0.03940593940259735,0.021183242157692506,0.042607636235196755
scientsbank,332,attacked,correct,incorrect,0.6274578278929799,0.007730078498221538,0.0024713660749423713,0.00259933093679215,0.028533066346683022,0.018941659103752694,0.031132397283475173
scientsbank,333,attacked,correct,incorrect,0.610338190489122,0.006491532731608197,0.0024645480034207337,0.0033540340120011528,0.035888163928412334,0.01995650237140686,0.03924219794041349
scientsbank,334,attacked,incorrect,incorrect,0.6182089338893332,0.011169667653946681,0.0021418606587292693,0.0036038864606758323,0.026420724822738,0.02116057402960626,0.03002461128341383
scientsbank,335,attacked,correct,incorrect,0.6267420064265947,0.004969028811187277,0.0037634909191833006,0.004400594805147428,0.034633463190142724,0.017701569047147,0.03903405799529015
scientsbank,336,attacked,incorrect,incorrect,0.5978273708712359,0.008427406035775757,0.003533758778715781,0.0024097824133680864,0.02749911171197873,0.023379854096100515,0.029908894125346815
scientsbank,337,attacked,incorrect,incorrect,0.622099804233079,0.0073446422313769135,0.002482269482408903,0.003251913694224861,0.033792340192278725,0.017479602371949045,0.037044253886503585
scientsbank,338,attacked,incorrect,incorrect,0.6149068115248547,0.005784071061990516,0.0037405825495063403,0.003403743783712245,0.04488555723762589,0.018041179853028406,0.04828930102133813
scientsbank,339,attacked,incorrect,incorrect,0.6152694971315177,0.005495887741580726,0.0020919569228083873,0.003757558097528162,0.04113283771464735,0.01840483336715406,0.04489039581217551
scientsbank,340,attacked,correct,incorrect,0.6051445898736443,0.004591490374624931,0.003377898973912943,0.004634905339721654,0.04110109058332687,0.0189919003359382,0.04573599592304853
scientsbank,341,attacked,incorrect,incorrect,0.6104890398112781,0.0076179109318112856,0.004637206992534231,0.0033928921675294163,0.037408615413598155,0.022648532928259336,0.04080150758112757
scientsbank,342,attacked,incorrect,correct,0.5594495781518588,0.009660805596658906,0.0051422446272878924,0.004075917906676972,0.04195180485875152,0.01945602012007416,0.04602772276542849
scientsbank,343,attacked,incorrect,incorrect,0.5630836665615644,0.008757937268517469,0.0030933954813034555,0.005114127436914185,0.04403839915829091,0.021646130355590106,0.049152526595205095
scientsbank,344,attacked,incorrect,incorrect,0.5965261865869347,0.0056937930991753085,0.003002104368403817,0.0017948761789821834,0.030132091519859423,0.019231769403688016,0.0319269676988416
scientsbank,345,attacked,correct,incorrect,0.6058969214750136,0.005837483287480137,0.005002535302152763,0.005227127250233399,0.03597715051111656,0.022339030963230637,0.04120427776134996
scientsbank,346,attacked,incorrect,incorrect,0.5770108441056823,0.009449708523897964,0.004167572319374299,0.008492766959690774,0.035886858650335626,0.018107728537163515,0.044379625610026396
scientsbank,347,attacked,incorrect,incorrect,0.6315332489432188,0.013159343523605769,0.0016879614344616628,0.004255352924722613,0.024435217139432933,0.01809658894409132,0.028690570064155548
scientsbank,348,attacked,correct,incorrect,0.6425519794760506,0.004970223172029892,0.0019751709311183864,0.003537527085755894,0.027343496990438462,0.01613123791698955,0.030881024076194356
scientsbank,349,attacked,correct,incorrect,0.623686717369502,0.004775519015828235,0.0017275791706785517,0.004272217935328315,0.03423758648177644,0.01890561936490842,0.038509804417104755
scientsbank,350,attacked,correct,incorrect,0.6788715365431212,0.002619538466465229,0.002072749692766138,0.0041675233182852335,0.01986130160490184,0.013539123373666495,0.024028824923187073
scientsbank,351,attacked,correct,correct,0.6308181130886529,0.004681071513475066,0.0022414220215251713,0.00444381726616,0.03357920996001421,0.01600668976068257,0.03802302722617421
scientsbank,352,attacked,incorrect,incorrect,0.6026884818979547,0.009072723565634204,0.0029384689131228786,0.003704648355584843,0.034607179538070784,0.01906893193526706,0.03831182789365563
scientsbank,353,attacked,incorrect,incorrect,0.5644506523936077,0.010815343445159243,0.0034119385353517783,0.003359743832923627,0.03510055053508051,0.01783356692496101,0.03846029436800413
scientsbank,354,attacked,correct,incorrect,0.5895588376939277,0.010595415110417077,0.0014153730611692853,0.0019211355749518496,0.03762168273427026,0.021990668395879178,0.03954281830922211
scientsbank,355,attacked,correct,incorrect,0.5933881179556493,0.0071473195195332784,0.004463331195210605,0.00729204847429671,0.03165829553437796,0.020655792785363024,0.03895034400867467
scientsbank,356,attacked,correct,incorrect,0.5626264276621264,0.011163005942543778,0.003097583976361774,0.0054173121706453334,0.040356398725772014,0.023837700629675447,0.045773710896417345
scientsbank,357,attacked,correct,correct,0.5693429147032936,0.00932261057656626,0.003648423851924138,0.004156205858569179,0.03639434238563951,0.023532280193372068,0.04055054824420869
scientsbank,358,attacked,correct,incorrect,0.6252812506442491,0.011574958556972628,0.002840081424438985,0.00344558238048606,0.017893590016809326,0.02040808228464118,0.021339172397295388
scientsbank,359,attacked,correct,incorrect,0.6086585583406791,0.009368132599100246,0.0019060790301961322,0.0028685828687531074,0.038810630970968756,0.018681979267417315,0.04167921383972186
scientsbank,360,attacked,correct,incorrect,0.5966272474187854,0.00955056718707351,0.0026278836545386435,0.0028838556339486295,0.03283639058773872,0.019478657293500297,0.035720246221687346
scientsbank,361,attacked,incorrect,incorrect,0.6499528974457784,0.004188164148545478,0.004063581629509573,0.001532627012384348,0.030916950565334868,0.013629279941029353,0.03244957757771921
scientsbank,362,attacked,correct,correct,0.6532291180678353,0.008585868444568686,0.0016628269399064013,0.008428037570066134,0.02583896452694472,0.01783727297097101,0.034267002097010855
scientsbank,363,attacked,correct,incorrect,0.6403081705376809,0.006089966323245508,0.002649228469362916,0.0015892266857806831,0.02154911160533026,0.015464398134712032,0.023138338291110942
scientsbank,364,attacked,correct,incorrect,0.619253971986201,0.006024135870964866,0.003961230730875016,0.0032088841017942986,0.03178184831771933,0.016169553403084395,0.03499073241951363
scientsbank,365,attacked,incorrect,incorrect,0.602490155315192,0.0057004843085073685,0.004141059679363053,0.003952610472542192,0.027357704251625477,0.015898087145284186,0.03131031472416767
scientsbank,366,attacked,incorrect,incorrect,0.582227004934864,0.008920429154569264,0.0022101440055892424,0.005363508441518933,0.046280968489775254,0.019206704421307032,0.05164447693129419
scientsbank,367,attacked,correct,incorrect,0.5746817677631373,0.008940667164125206,0.0024629799196700993,0.003239797064565566,0.038927620497532435,0.018656959670223364,0.042167417562098
scientsbank,368,attacked,incorrect,incorrect,0.6068737279967985,0.007644070530683559,0.0030993882400387144,0.0028378216469400123,0.030573300967125634,0.016835658937792194,0.03341112261406565
scientsbank,369,attacked,incorrect,incorrect,0.5978015404301781,0.00927571756800139,0.0033866908221935783,0.003532653467135602,0.032318631806934436,0.022534249315457538,0.03585128527407004
scientsbank,370,attacked,incorrect,incorrect,0.6302659393425174,0.006642802954011813,0.0030346348213118363,0.0023145953342392964,0.027051832968921774,0.018905066496434777,0.02936642830316107
scientsbank,371,attacked,correct,incorrect,0.5872674243078233,0.009537982136546153,0.002284203191421879,0.004249092495145905,0.04593970571612399,0.0211076257116598,0.0501887982112699
scientsbank,372,attacked,incorrect,incorrect,0.6050326336759403,0.011815700923031565,0.00267412111272349,0.0026565886296241476,0.03342192206823189,0.020853874863631272,0.03607851069785604
scientsbank,373,attacked,correct,incorrect,0.6870255672052009,0.003532495065513596,0.004127433459157914,0.003039381178373772,0.019692657218213398,0.009971303164138516,0.02273203839658717
scientsbank,374,attacked,correct,incorrect,0.5922429643696607,0.0105459286666114,0.0011748027458391857,0.0016596949505950508,0.03468099713051807,0.02280948188350107,0.03634069208111312
scientsbank,375,attacked,correct,incorrect,0.6425593377079372,0.00616329253304785,0.001892249401334525,0.0027212121277199147,0.02681887701321437,0.01855502061132064,0.029540089140934284
scientsbank,376,attacked,correct,incorrect,0.6145385241171559,0.008199647084033616,0.0018575402715350605,0.0016780551150528456,0.028449231562786552,0.022135072472197082,0.0301272866778394
scientsbank,377,attacked,correct,incorrect,0.643703933374013,0.008211735857030887,0.0036275204542303052,0.0017991105565674846,0.019436897035415845,0.019712024994481808,0.02123600759198333
scientsbank,378,attacked,incorrect,incorrect,0.5846011921437818,0.006250049900062836,0.002343187786418913,0.003615684075343792,0.025435149401681862,0.02734869019931783,0.029050833477025653
scientsbank,379,attacked,incorrect,incorrect,0.5722085902427287,0.011382468536737826,0.0045639813685868814,0.004364194278070302,0.030783547858025725,0.01999421028816471,0.035147742136096026
scientsbank,380,attacked,incorrect,incorrect,0.5989177920656786,0.00578816624230001,0.0022323844160961575,0.00183727107592269,0.03215986736008244,0.019035957994103556,0.03399713843600513
scientsbank,381,attacked,incorrect,incorrect,0.5584235562415744,0.008545618610606785,0.0064772219246707965,0.005933158190945133,0.05133289052590561,0.024083887946256047,0.057266048716850745
scientsbank,382,attacked,incorrect,incorrect,0.5741902354437765,0.006610859877226334,0.0025750103316568374,0.0013416180472657544,0.03413879185304348,0.021374349785010058,0.035480409900309234
scientsbank,383,attacked,correct,incorrect,0.6112981934409164,0.006461544515306655,0.0025658254420706894,0.00334542237209477,0.027477870381576806,0.023382661301621616,0.030823292753671575
scientsbank,384,attacked,incorrect,incorrect,0.6146168492833561,0.004909281823921394,0.00242723738755768,0.0033132052460830533,0.03850219007775571,0.018377041756179883,0.04181539532383877
scientsbank,385,attacked,incorrect,incorrect,0.6271260294423048,0.005704530777390635,0.0046384416591375615,0.0038277846316337144,0.02517138962629701,0.01731691246042934,0.028999174257930724
scientsbank,386,attacked,incorrect,incorrect,0.5931809380884767,0.00930464291185983,0.0024193295801287202,0.002719400080611554,0.034256529687044845,0.01737060885701541,0.0369759297676564
scientsbank,387,attacked,correct,incorrect,0.598150309837116,0.006724671490363787,0.004328864153203817,0.004717192941027038,0.046154832388600714,0.01786121599029655,0.05087202532962775
scientsbank,388,attacked,incorrect,incorrect,0.644887179456182,0.011625029532197075,0.005512197595785964,0.002691348348994462,0.014339159343052358,0.016227164149587005,0.01703050769204682
scientsbank,389,attacked,incorrect,correct,0.6143780804292401,0.0053759705820494545,0.0038556815034826277,0.005004820196671637,0.04210843872259554,0.01789896525175892,0.047113258919267174
scientsbank,390,attacked,incorrect,incorrect,0.6428666920907481,0.006321915844941046,0.002720134595416408,0.004409513305862981,0.01823508551216431,0.017489450053066395,0.02264459881802729
scientsbank,391,attacked,correct,incorrect,0.6233813317750375,0.004145950457788107,0.0024812718447023863,0.0038838333768806067,0.03834160314807198,0.017061244254245354,0.042225436524952586
scientsbank,392,attacked,incorrect,incorrect,0.5650627168103806,0.00816447587200131,0.0059875844202833955,0.005560172403029259,0.04762972667275785,0.023080248931723377,0.053189899075787105
scientsbank,393,attacked,incorrect,incorrect,0.6362728826677743,0.008166337051944805,0.0011279211964218636,0.0011641290151876763,0.015651782498858492,0.02134355632511066,0.01681591151404617
scientsbank,394,attacked,incorrect,incorrect,0.5970575596608757,0.004967613877537581,0.0038939221172628875,0.007610088598658076,0.04673756372658845,0.019194745495684118,0.05434765232524653
scientsbank,395,attacked,correct,correct,0.615930466106854,0.006037720279124866,0.004128178401033846,0.004194481110346192,0.026965168777958785,0.017751954170994927,0.031159649888304976
scientsbank,396,attacked,correct,incorrect,0.5881064665030272,0.007362702185296251,0.004019378110139064,0.0035673247025257964,0.039744468856017054,0.02086143645363208,0.04331179355854285
scientsbank,397,attacked,correct,incorrect,0.5984710511804902,0.00786994906560139,0.002058897584261521,0.001990796412934792,0.029475045669006272,0.024242585794319284,0.031465842081941066
scientsbank,398,attacked,incorrect,incorrect,0.5936420765569322,0.009004890538242594,0.0036995611506703105,0.005191079111753326,0.031714206067226594,0.018931061890686947,0.03690528517897992
scientsbank,399,attacked,correct,incorrect,0.5577921120220574,0.012146020840593982,0.004014771522888478,0.00676848077270982,0.050441058439982166,0.02119310409989084,0.057209539212691986
scientsbank,400,attacked,incorrect,incorrect,0.6085135945937411,0.008498579856061098,0.0020372377410922985,0.0017026235870804141,0.031683956454877434,0.021217015987716515,0.033386580041957846
scientsbank,401,attacked,correct,incorrect,0.5703534863895008,0.008058804662537033,0.0064295305544369566,0.00368683364111626,0.039823625142644994,0.025806881091323754,0.04351045878376125
scientsbank,402,attacked,incorrect,incorrect,0.6235245286336664,0.007127843587257946,0.003768238219371032,0.00420856096546004,0.024607798835408288,0.015493260953296362,0.02881635980086833
scientsbank,403,attacked,correct,incorrect,0.6053342084591734,0.004948166326706597,0.0039642461080316846,0.005074354288565868,0.0317609613566661,0.017968784103847207,0.036835315645231965
scientsbank,404,attacked,incorrect,incorrect,0.5910451863912207,0.005507678681566488,0.0020974428815508234,0.006812668879025958,0.034562599413962045,0.022140191071364224,0.041375268292988
scientsbank,405,attacked,incorrect,incorrect,0.628362409104463,0.008506925392724752,0.0017338469711771214,0.002272809865025957,0.02654619008073165,0.01846890738460916,0.02881899994575761
scientsbank,406,attacked,incorrect,incorrect,0.6251518956114019,0.011312573894458552,0.002342601269444677,0.0024316391632223503,0.030686648214317068,0.016562000519586104,0.03311828737753942
scientsbank,407,attacked,incorrect,incorrect,0.5985390273195885,0.006327401746750911,0.006138869152420856,0.00544432556218346,0.03501724799138899,0.020394888788412325,0.04046157355357245
scientsbank,408,attacked,incorrect,incorrect,0.576903583758127,0.007911034636556263,0.004540454569406039,0.005910599364947435,0.029830248249828002,0.018240589668308594,0.03574084761477544
scientsbank,409,attacked,incorrect,incorrect,0.6032171428561224,0.004978545892431764,0.00593670495076428,0.004651738410433409,0.03674720953139676,0.015772479131199276,0.041398947941830175
scientsbank,410,attacked,incorrect,incorrect,0.6014334917302315,0.009681946295973158,0.003864286367724675,0.0036897917550520244,0.03356260152264739,0.02277804726573621,0.037252393277699414
scientsbank,411,attacked,correct,incorrect,0.6576424471551597,0.012115298422836956,0.005333042193806944,0.0022756011244386503,0.014721845630213374,0.01877510765082587,0.016997446754652024
scientsbank,412,attacked,correct,incorrect,0.5674407464223833,0.0074831564599183295,0.003700207817767984,0.003965836862038736,0.0429522641478166,0.01925882104816887,0.04691810100985534
scientsbank,413,attacked,correct,incorrect,0.6116962029987807,0.006082677921096968,0.0034851354082126745,0.0025827810430585525,0.03976120941674635,0.019717514275621045,0.0423439904598049
scientsbank,414,attacked,incorrect,incorrect,0.5386253429935418,0.0112210644611741,0.0037911499096032228,0.003407325045347435,0.0441988818522322,0.022496739605115876,0.047606206897579634
scientsbank,415,attacked,correct,incorrect,0.6322370281078009,0.008535366563271194,0.0018851333696801409,0.0039648031424983025,0.027834128032701647,0.01994644205006475,0.03179893117519995
scientsbank,416,attacked,incorrect,incorrect,0.6159436584113084,0.010890885228863877,0.0021055306395272337,0.0019194471915844058,0.019652413512446,0.023109610477427347,0.021571860704030405
scientsbank,417,attacked,correct,incorrect,0.6106982452988488,0.0032146122467889876,0.0028640053316101918,0.006165196020718841,0.035294906477543256,0.020049945386115854,0.0414601024982621
scientsbank,418,attacked,incorrect,incorrect,0.6352430376038584,0.0070658276645798705,0.0021122995638682067,0.003611565815825136,0.032721604938345056,0.018825072634095386,0.03633317075417019
scientsbank,419,attacked,incorrect,incorrect,0.5992808625357334,0.010785035074356521,0.002293127557932865,0.0027980615363993387,0.03033657650082869,0.021655765850489377,0.03313463803722803
scientsbank,420,attacked,incorrect,incorrect,0.5803474255544887,0.01140019263488355,0.005153706149364038,0.002393788814505368,0.026831138276575215,0.029004057377825104,0.029224927091080582
scientsbank,421,attacked,incorrect,incorrect,0.6240054021273232,0.0062186724891131785,0.0022079877463359386,0.004042888539855389,0.037578730083815154,0.014717373811359341,0.041621618623670545
scientsbank,422,attacked,correct,incorrect,0.5856527698752656,0.012455980831343548,0.0023838696096717335,0.003600586745515783,0.030714363201622193,0.02169407129793229,0.034314949947137977
scientsbank,423,attacked,incorrect,incorrect,0.6619579428931207,0.0038694294553865854,0.004440322028332269,0.0025597874370480726,0.021403005683388786,0.012692607920843238,0.023962793120436858
scientsbank,424,attacked,incorrect,incorrect,0.6098821822435961,0.0041663014732221115,0.0036068409941391218,0.004971076679191214,0.039283223711788065,0.018885899595302152,0.04425430039097928
scientsbank,425,attacked,incorrect,incorrect,0.6094764563017817,0.007941955345360631,0.0035013646867990958,0.0028883094278799714,0.036358212940337926,0.018586058617110213,0.0392465223682179
scientsbank,426,attacked,correct,incorrect,0.6137568533211065,0.004554255467459927,0.0018636034371194608,0.00528633425684309,0.038651278456416166,0.01919630849031836,0.04393761271325926
scientsbank,427,attacked,incorrect,incorrect,0.6054599056853479,0.00784393653666975,0.004147496952216341,0.004512243818636645,0.035233771873590725,0.017476355500607915,0.03974601569222737
scientsbank,428,attacked,incorrect,incorrect,0.5641685778708072,0.00987199725347775,0.0035533101821396884,0.003012214797889436,0.04142897435021417,0.015364892822396238,0.044441189148103605
scientsbank,429,attacked,incorrect,incorrect,0.5676446517272922,0.010542599135067918,0.004520011898221007,0.004337751430060303,0.039723716747789774,0.019863528299650286,0.044061468177850074
scientsbank,430,attacked,correct,incorrect,0.6203639635395071,0.013497137232807004,0.001653425985909935,0.001885542244801466,0.01584899829972158,0.02591118447484382,0.017734540544523045
scientsbank,431,attacked,correct,incorrect,0.6494552616357793,0.00635997012687143,0.0022944316689717525,0.002648081086997727,0.027224332557471233,0.015724530457564615,0.02987241364446896
scientsbank,432,attacked,incorrect,incorrect,0.6279471083026203,0.009084494609348374,0.0017183853162276012,0.0021075998883734993,0.0300859884065317,0.021224770640561354,0.0321935882949052
scientsbank,433,attacked,incorrect,incorrect,0.6555658887441367,0.00557502622286242,0.0026452418810919386,0.0019869016138023272,0.03262673945683913,0.014710713871421076,0.03461364107064146
scientsbank,434,attacked,incorrect,incorrect,0.6024081316675552,0.008920840109285996,0.0038614290171339145,0.0023929848362461885,0.04433075912677028,0.017191355604458673,0.04672374396301647
scientsbank,435,attacked,incorrect,incorrect,0.5896192395107879,0.0063349974834314236,0.004063562761742939,0.005143581421701298,0.050366875726428714,0.018788154727059386,0.055510457148130014
scientsbank,436,attacked,incorrect,incorrect,0.6418324671565538,0.008187842237106512,0.001737078520523208,0.002849032713013378,0.02810105382525345,0.01419489632679899,0.03095008653826683
scientsbank,437,attacked,incorrect,incorrect,0.6527514946509017,0.0037573875346406486,0.0039749612266417825,0.0023258657438764165,0.028373990544384258,0.01302180034818934,0.030699856288260673
scientsbank,438,attacked,correct,incorrect,0.6099183085879935,0.008922456709534303,0.00239050453011245,0.003655743273983568,0.031697409570706096,0.02004455656847088,0.035353152844689664
scientsbank,439,attacked,correct,incorrect,0.581472432580367,0.009182007858491839,0.003403582331791228,0.0035664069260766804,0.04538205134195596,0.022763974903556822,0.048948458268032645
scientsbank,440,attacked,incorrect,incorrect,0.5963048653355745,0.00916565651229218,0.0026441606915555906,0.0013685904788152605,0.03407833224680495,0.022363026018424333,0.03544692272562021
scientsbank,441,attacked,correct,incorrect,0.6170780635054067,0.008212931298001604,0.001628830575828207,0.0017755817507928624,0.027932157731840587,0.021428298498337855,0.02970773948263345
scientsbank,442,attacked,correct,correct,0.6085587878033477,0.007166320882626295,0.002642232783185813,0.004717949512055887,0.03417297262206345,0.016596204544933414,0.03889092213411934
scientsbank,443,attacked,incorrect,incorrect,0.6413461236687726,0.0095291488833707,0.0024895572174439802,0.0013635274626972867,0.018013617527807273,0.017959305113150567,0.01937714499050456
scientsbank,444,attacked,correct,correct,0.6034766065924541,0.009042484864507112,0.002143219084995444,0.0035411263051235895,0.02919603509838958,0.02087923292779705,0.03273716140351317
scientsbank,445,attacked,incorrect,incorrect,0.618908066386839,0.010763164353147607,0.0047224790767261835,0.00557214609073275,0.019871594743298006,0.015256561277746546,0.025443740834030757
scientsbank,446,attacked,correct,incorrect,0.6804150757341768,0.008265036066953134,0.004526751223449492,0.001996567726251897,0.01630092074598176,0.015411918061364981,0.018297488472233656
scientsbank,447,attacked,correct,incorrect,0.6053966490954891,0.009321414455983962,0.0029778741256077292,0.0027637700413803614,0.035531873354190176,0.02127207706556573,0.03829564339557054
scientsbank,448,attacked,incorrect,incorrect,0.6004500072425163,0.009682270123395675,0.004213827682690911,0.0021717419595407,0.039061801276673004,0.018838288463794657,0.041233543236213706
scientsbank,449,attacked,incorrect,incorrect,0.6390489251083624,0.008824668543059222,0.0032458012310081965,0.001395735422351673,0.020040802575925835,0.017468064604939194,0.021436537998277508
scientsbank,450,attacked,incorrect,incorrect,0.6378582169615377,0.00711389892107136,0.0021345029692231383,0.002921550350023015,0.03399492371104029,0.01875581997850499,0.036916474061063305
scientsbank,451,attacked,incorrect,incorrect,0.606234737748793,0.00847238633938774,0.0017635618183744536,0.0031840831101435834,0.03490151491103667,0.023639303844513546,0.03808559802118026
scientsbank,452,attacked,incorrect,incorrect,0.5832839679034951,0.009609221192233511,0.003061530374394092,0.003815475121014804,0.0373450469595105,0.02235717822596134,0.0411605220805253
scientsbank,453,attacked,correct,incorrect,0.6054018584360038,0.007052455439521057,0.0040518469470263345,0.005656607282902744,0.03040387660874004,0.018376640279579824,0.036060483891642785
scientsbank,454,attacked,correct,incorrect,0.6291670719453502,0.01348463631520042,0.000977334311870035,0.0019136482475464035,0.016762308957975945,0.022284557857768686,0.01867595720552235
scientsbank,455,attacked,correct,incorrect,0.6267979519636646,0.011832834053235958,0.00203195134469033,0.002731350570287388,0.02242700467388128,0.018057129716811823,0.025158355244168668
scientsbank,456,attacked,incorrect,incorrect,0.5508465289222466,0.013118814379302082,0.004073153741160571,0.0038283167603446974,0.047789892239873434,0.022864153850509578,0.05161820900021813
scientsbank,457,attacked,incorrect,incorrect,0.591559130508557,0.0069700303233377215,0.00383093094839313,0.003480844630309801,0.04192790080712889,0.019782140974445844,0.04540874543743869
scientsbank,458,attacked,incorrect,incorrect,0.5827024640232968,0.010065103139925773,0.003997954091899581,0.005419226533341179,0.03608307225452736,0.022778475655527965,0.041502298787868534
scientsbank,459,attacked,correct,incorrect,0.5937053947289382,0.005555844249954471,0.0032397073560498217,0.004905924295111572,0.04396238306684986,0.01385224588880636,0.04886830736196143
scientsbank,460,attacked,correct,incorrect,0.6080852883561063,0.006614804392965287,0.004008372403176571,0.002787541055910581,0.03560638827791994,0.021143902036275364,0.03839392933383052
scientsbank,461,attacked,incorrect,incorrect,0.6457892445989726,0.008483668740707865,0.002714277150534732,0.0015247349053649666,0.012482761727777719,0.0157313275787409,0.014007496633142685
scientsbank,462,attacked,incorrect,incorrect,0.6003469715958452,0.012481770036977546,0.0036362127093792058,0.004780698971488982,0.03394863980741717,0.021693238562174134,0.03872933877890615
scientsbank,463,attacked,incorrect,incorrect,0.6051892865258445,0.008093979700330378,0.0019296921032624847,0.0029645029025537075,0.03579858948923291,0.019017062041984927,0.038763092391786616
scientsbank,464,attacked,correct,incorrect,0.5977719792337381,0.009334409318218276,0.0031678641936500954,0.006535314561939644,0.035617667048650443,0.025882773882992545,0.042152981610590085
scientsbank,465,attacked,incorrect,incorrect,0.6104040410650451,0.007347304459461148,0.0036092835985515274,0.0018256419164718852,0.024175477693175795,0.018168849270915194,0.02600111960964768
scientsbank,466,attacked,correct,correct,0.5722975426613637,0.010812659394556135,0.004627204787355262,0.006081904932700159,0.04006717025490915,0.01895113950816288,0.04614907518760931
scientsbank,467,attacked,incorrect,incorrect,0.6262209454632588,0.009070531991842332,0.002315213429453852,0.0025685386206175114,0.021568285593455985,0.018883157778975857,0.024136824214073496
scientsbank,468,attacked,incorrect,incorrect,0.5865309879345331,0.010036717354880417,0.005063551379120172,0.0021401354384998623,0.037418960387687154,0.025887811370257034,0.03955909582618702
scientsbank,469,attacked,incorrect,incorrect,0.6315582637038388,0.0062854526384987786,0.0023694875256900375,0.002772895753681889,0.03855096669435236,0.01816718234772277,0.04132386244803425
scientsbank,470,attacked,correct,incorrect,0.599018993662104,0.00702741836306115,0.002334446538355151,0.0032294130727694927,0.02904326134483026,0.020506510768296227,0.032272674417599755
scientsbank,471,attacked,incorrect,incorrect,0.5376649330181621,0.012399242000953907,0.005834558702333484,0.006395147508953534,0.0360479347542348,0.02550047185673105,0.04244308226318834
scientsbank,472,attacked,correct,incorrect,0.5532845188745475,0.011423481379614587,0.005197699510892676,0.003236696728031424,0.044355703394666726,0.02420900514154325,0.04759240012269815
scientsbank,473,attacked,incorrect,incorrect,0.5730509089844882,0.009055264848075457,0.0028703065345069287,0.0028535747403736138,0.034754020446192885,0.017819301208229055,0.0376075951865665
scientsbank,474,attacked,correct,incorrect,0.619620623241361,0.008721655930864457,0.0019214659560910065,0.0022959262821507244,0.03079739285876235,0.01773352458096959,0.033093319140913076
scientsbank,475,attacked,correct,incorrect,0.586479795406656,0.00571651566642632,0.004079907094857184,0.0030476012588270427,0.05002668914407599,0.01863248899705639,0.053074290402903034
scientsbank,476,attacked,incorrect,incorrect,0.6289774551994108,0.005321534657502357,0.004155727555808922,0.006459017826815061,0.026944195846005378,0.017882443115364285,0.03340321367282044
scientsbank,477,attacked,correct,incorrect,0.6352277427917232,0.004285719650911645,0.0016423465251017614,0.0025376191245202098,0.029476871200508813,0.020510791826229127,0.032014490325029024
scientsbank,478,attacked,correct,incorrect,0.5811925062344113,0.00857132309912314,0.002366542301709012,0.0059400572285578605,0.03520725144147719,0.01964811995764542,0.04114730867003505
scientsbank,479,attacked,incorrect,incorrect,0.5923041097325221,0.007556020886509487,0.002690620738001044,0.00304380939466336,0.028109241346833225,0.026935758927531445,0.031153050741496584
scientsbank,480,attacked,incorrect,incorrect,0.5774607721552413,0.008819039956797505,0.0031501720102102533,0.0026536292672479722,0.03327616786957398,0.02792411027776458,0.03592979713682195
scientsbank,481,attacked,incorrect,incorrect,0.5327595567357202,0.016016314755403018,0.006709308372148808,0.00698937977127065,0.052364763415709274,0.018336804107411675,0.05935414318697992
scientsbank,482,attacked,correct,incorrect,0.6032485181457716,0.0077540796580376735,0.0019232043616787466,0.0023007893528660464,0.03462625998728988,0.01901655319252401,0.03692704934015593
scientsbank,483,attacked,correct,incorrect,0.622615279411516,0.008324786327593252,0.0015803706819235005,0.0017793874002085734,0.02440555212457885,0.023525173338381698,0.026184939524787426
scientsbank,484,attacked,correct,incorrect,0.5958267343932213,0.008241623102843178,0.0019876323247044188,0.0025862564896112026,0.03792890331600388,0.01807354263422503,0.040515159805615084
scientsbank,485,attacked,correct,incorrect,0.5592354975688434,0.010807674105902061,0.004846216334839638,0.003819835314017386,0.04256762662147156,0.02330533559547329,0.04638746193548895
scientsbank,486,attacked,incorrect,incorrect,0.6145133803283813,0.008631801802327263,0.001784484206514275,0.002282578070514474,0.02934593591950127,0.019517613739367817,0.03162851399001575
scientsbank,487,attacked,correct,incorrect,0.5780301660768025,0.010890690425370783,0.003677063363919519,0.005354002554257718,0.03285833164809207,0.01921949634861745,0.03821233420234979
scientsbank,488,attacked,incorrect,incorrect,0.5830714739870618,0.00982119721911291,0.002473884137295502,0.0034957965639550886,0.047864751780112486,0.019465816173859604,0.05136054834406757
scientsbank,489,attacked,incorrect,incorrect,0.6090581711673863,0.00808621835268598,0.0023161200549442363,0.0032947472237368635,0.027516216594708785,0.020976541433138762,0.03081096381844565
scientsbank,490,attacked,incorrect,incorrect,0.6155332854414689,0.004700550756441277,0.003958465125311088,0.00797816512209447,0.03368251506151484,0.016476707517712245,0.04166068018360931
scientsbank,491,attacked,incorrect,incorrect,0.5605435382592304,0.009865667385453969,0.0018980858093555404,0.0031386928054013587,0.03208563333876317,0.019422672417540986,0.03522432614416453
scientsbank,492,attacked,correct,incorrect,0.626491592173823,0.009328712694667313,0.0029272823176740323,0.0018235411983214555,0.01727281864857163,0.02095731801811351,0.019096359846893084
scientsbank,493,attacked,correct,incorrect,0.6585992878578723,0.0040808860389466625,0.0025916758893654904,0.0046618661882803876,0.019142359432119373,0.01564224510311095,0.02380422562039976
scientsbank,494,attacked,incorrect,incorrect,0.6088917328561947,0.007648104539855498,0.002922569417276101,0.0029902148707811062,0.031677127297667744,0.01974103938906628,0.03466734216844885
scientsbank,495,attacked,correct,correct,0.606700991841328,0.010924251873687663,0.002469709984247309,0.0032761191691919665,0.029800349581894012,0.02121405033761985,0.033076468751085976
scientsbank,496,attacked,correct,incorrect,0.6314264164578206,0.008922129217077735,0.002061397020427455,0.0018926527620782077,0.015858861873305864,0.022697532784061437,0.01775151463538407
scientsbank,497,attacked,incorrect,incorrect,0.6201762205072698,0.005819811874615366,0.005304060790083299,0.004533944697893804,0.03343028557247032,0.01635932927844769,0.03796423027036412
scientsbank,498,attacked,correct,correct,0.6337974943990167,0.009246635194261867,0.0027531352784874036,0.006824800931885405,0.03405774445620484,0.017786335990117218,0.04088254538809025
scientsbank,499,attacked,incorrect,incorrect,0.5938854927145027,0.011472248692341694,0.00228182585845808,0.0027658206543230922,0.021491798437842487,0.022423821880864038,0.02425761909216558
